Genename,identifier
PAU8,0
SEO1,1
YAL066W,2
YAL065C,3
YAL064W-B,4
TDA8,5
YAL064W,6
FLO9,7
YBR089W,8
NHP6B,9
YBR090C,10
TIM12,11
PHO3,12
PHO5,13
PBY1,14
RXT2,15
YBR096W,16
VPS15,17
MMS4,18
YBR099C,19
FES1,20
EXO84,21
SIF2,22
YBR103C-A,23
YMC2,24
VID24,25
SND3,26
IML3,27
AIM3,28
CMD1,29
ALG1,30
YSA1,31
CYC8,32
YBR113W,33
RAD16,34
LYS2,35
YBR116C,36
TKL2,37
TEF2,38
MUD1,39
CBP6,40
GRS1,41
MRPL36,42
TFC1,43
YBR124W,44
PTC4,45
TPS1,46
VMA2,47
ATG14,48
OPY1,49
SHE3,50
CCZ1,51
AGP2,52
HSL7,53
YBR134W,54
CKS1,55
MEC1,56
YBR137W,57
YBR138C,58
ATG42,59
IRA1,60
BMT2,61
MAK5,62
SUP45,63
YBR144C,64
ADH5,65
MRPS9,66
RTC2,67
YSW1,68
ARA1,69
TBS1,70
APD1,71
SPP381,72
RIB7,73
RPB5,74
CNS1,75
SLI15,76
ICS2,77
AMN1,78
IFA38,79
CDC28,80
TOS1,81
YSY6,82
EXO5,83
ARL1,84
UBS1,85
TYR1,86
POP7,87
PEX32,88
SSE2,89
NPL4,90
SEC66,91
SMY2,92
UMP1,93
YBR174C,94
SWD3,95
ECM31,96
EHT1,97
YBR178W,98
FZO1,99
DTR1,100
RPS6B,101
SMP1,102
YPC1,103
YBR184W,104
MBA1,105
PCH2,106
GDT1,107
NTC20,108
RPS9B,109
YBR190W,110
RPL21A,111
YBR191W-A,112
RIM2,113
MED8,114
AIM4,115
MSI1,116
PGI1,117
YBR197C,118
TAF5,119
KTR4,120
BEM1,121
DER1,122
MCM7,123
COS111,124
LDH1,125
KTR3,126
YBR206W,127
FTH1,128
"DUR1,2",129
YBR209W,130
ERV15,131
AME1,132
NGR1,133
MET8,134
SDS24,135
HPC2,136
YBP1,137
ATG12,138
PYC2,139
YBR220C,140
PDB1,141
PCS60,142
TDP1,143
YBR224W,144
YBR225W,145
YBR226C,146
MCX1,147
SLX1,148
ROT2,149
OM14,150
SWC5,151
YBR232C,152
PBP2,153
DAD3,154
ARC40,155
VHC1,156
ABD1,157
PRP5,158
YBR238C,159
ERT1,160
THI2,161
YBR241C,162
YBR242W,163
ALG7,164
GPX2,165
ISW1,166
RRT2,167
ENP1,168
HIS7,169
ARO4,170
SPO23,171
MRPS5,172
DUT1,173
SRB6,174
TRS20,175
MTC4,176
RCF3,177
RIB5,178
POP4,179
SHG1,180
YBR259W,181
RGD1,182
TAE1,183
MIC12,184
SHM1,185
YPT10,186
TSC10,187
REI1,188
YBR266C,189
MRPL37,190
SDH8,191
BIT2,192
EFM2,193
HSM3,194
UBX7,195
CHK1,196
RIF1,197
PPS1,198
YBR277C,199
DPB3,200
PAF1,201
SAF1,202
DUG2,203
MRPL27,204
SSH1,205
YBR284W,206
YBR285W,207
APE3,208
YBR287W,209
APM3,210
SNF5,211
BSD2,212
CTP1,213
YBR292C,214
VBA2,215
SUL1,216
PCA1,217
PHO89,218
MAL33,219
MAL31,220
MAL32,221
YBR300C,222
PAU24,223
COS2,224
YCL076W,225
GEX1,226
VBA3,227
YCL068C,228
HMLALPHA2,229
HMLALPHA1,230
YCL065W,231
CHA1,232
VAC17,233
MRC1,234
KRR1,235
FYV5,236
MIC10,237
PRD1,238
PEX34,239
KAR4,240
SPB1,241
PBN1,242
LRE1,243
APA1,244
YCL049C,245
SPS22,246
POF1,247
EMC1,248
YCL046W,249
MGR1,250
PDI1,251
YCL041C,252
YCL042W,253
GLK1,254
GID7,255
ATG22,256
SRO9,257
GFD2,258
GRX1,259
LSB5,260
MXR2,261
STE50,262
RRP7,263
HIS4,264
BIK1,265
RNQ1,266
FUS1,267
HBN1,268
FRM2,269
AGP1,270
YCL023C,271
KCC4,272
YCL021W-A,273
LEU2,274
NFS1,275
DCC1,276
BUD3,277
GBP2,278
SGF29,279
ILV6,280
STP22,281
CWH36,282
LDB16,283
PGS1,284
YCL002C,285
RER1,286
YCL001W-A,287
YCL001W-B,288
YCR001W,289
CDC10,290
MRPL32,291
YCP4,292
CIT2,293
YCR006C,294
YCR007C,295
SAT4,296
RVS161,297
ADY2,298
ADP1,299
PGK1,300
YCR013C,301
POL4,302
CTO1,303
YCR016W,304
CWH43,305
SRD1,306
YCR018C-A,307
MAK32,308
PET18,309
MAK31,310
HTL1,311
HSP30,312
YCR022C,313
YCR023C,314
SLM5,315
PMP1,316
YCR025C,317
NPP1,318
RHB1,319
FEN2,320
RIM1,321
SYP1,322
RPS14A,323
BPH1,324
SNT1,325
ELO2,326
RRP43,327
RBK1,328
PHO87,329
BUD5,330
YCR038W-A,331
MATALPHA2,332
MATALPHA1,333
YCR041W,334
TAF2,335
YCR043C,336
PER1,337
RRT12,338
IMG1,339
BUD23,340
YCR049C,341
ARE1,342
YCR050C,343
YCR051W,344
RSC6,345
THR4,346
CTR86,347
PWP2,348
YIH1,349
TAH1,350
YCR061W,351
YCR064C,352
BUD31,353
HCM1,354
RAD18,355
SED4,356
ATG15,357
CPR4,358
IMG2,359
RSA4,360
SSK22,361
SOL2,362
ERS1,363
FUB1,364
PAT1,365
PTC6,366
SRB8,367
AHC2,368
TRX3,369
TUP1,370
YCR085W,371
CSM1,372
YCR087W,373
YCR087C-A,374
ABP1,375
FIG2,376
YCR090C,377
KIN82,378
MSH3,379
CDC39,380
CDC50,381
OCA4,382
HMRA2,383
HMRA1,384
YCR097W-A,385
GIT1,386
YCR099C,387
EMA35,388
YCR101C,389
YCR102C,390
YCR102W-A,391
PAU3,392
ADH7,393
RDS1,394
AAD3,395
COS7,396
YDL247W-A,397
MPH2,398
SOR2,399
HXT15,400
THI13,401
AAD4,402
YDL242W,403
YDL241W,404
YDL240C-A,405
LRG1,406
ADY3,407
GUD1,408
AIM6,409
PHO13,410
YPD1,411
GYP7,412
MFG1,413
OST4,414
BRE4,415
PTP1,416
SSB1,417
YDL228C,418
HO,419
GCS1,420
SHS1,421
WHI4,422
HBT1,423
FMP45,424
YDL221W,425
CDC13,426
DTD1,427
YDL218W,428
TIM22,429
RRI1,430
GDH2,431
PRR2,432
NOP6,433
SHR3,434
YDL211C,435
UGA4,436
CWC2,437
NHP2,438
GLE1,439
YDL206W,440
HEM3,441
RTN2,442
ACK1,443
MRPL11,444
TRM8,445
MGT1,446
YDL199C,447
GGC1,448
ASF2,449
YDL196W,450
SEC31,451
SNF3,452
NUS1,453
ARF1,454
RPL35A,455
UFD2,456
RBS1,457
PPH22,458
YDL187C,459
YDL186W,460
YDL185C-A,461
VMA1,462
RPL41A,463
YDL183C,464
INH1,465
YDL180W,466
PCL9,467
DLD2,468
YDL177C,469
YDL176W,470
AIR2,471
DLD1,472
PAR32,473
YDL172C,474
GLT1,475
UGA3,476
UGX2,477
SFA1,478
NRP1,479
FAP7,480
CDC36,481
CDC9,482
YDL163W,483
YDL162C,484
ENT1,485
DHH1,486
YDL159W-A,487
STE7,488
YDL158C,489
YDL157C,490
CMR1,491
CLB3,492
MSH5,493
SAS10,494
YDL152W,495
BUD30,496
RPC53,497
ATG9,498
NOP14,499
RPN5,500
LDB17,501
COP1,502
YDL144C,503
CCT4,504
CRD1,505
BPL1,506
RPO21,507
SCM3,508
RGT2,509
ARF2,510
RPL35B,511
RDI1,512
PPH21,513
RPL41B,514
SRF1,515
CDC53,516
STF1,517
RPP1B,518
YDL129W,519
VCX1,520
PCL2,521
CDC48,522
HNT1,523
YDL124W,524
SNA4,525
UBP1,526
EXP1,527
YFH1,528
HEM25,529
YDL118W,530
CYK3,531
NUP84,532
IWR1,533
YDL114W-A,534
YDL114W,535
ATG20,536
TRM3,537
RRP42,538
TMA17,539
YDL109C,540
KIN28,541
MSS2,542
PHO2,543
NSE4,544
QRI7,545
QRI1,546
POL3,547
DUN1,548
GET3,549
BUG1,550
SNU23,551
RPN6,552
YDL096C,553
PMT1,554
YDL094C,555
PMT5,556
SRP14,557
UBX3,558
RAM1,559
NUR1,560
ASM4,561
LUC7,562
YDL086W,563
YDL085C-A,564
NDE2,565
SUB2,566
RPS16B,567
RPL13A,568
RPP1A,569
THI3,570
MRK1,571
MDH3,572
VAM6,573
RXT3,574
RPL31A,575
BRE1,576
AHK1,577
YET3,578
YDL071C,579
BDF2,580
CBS1,581
YDL068W,582
COX9,583
IDP1,584
PEX19,585
UBC9,586
SYO1,587
YDL062W,588
RPS29B,589
TSR1,590
RAD59,591
USO1,592
YDL057W,593
MBP1,594
PSA1,595
MCH1,596
PBP4,597
SLC1,598
LHP1,599
YDL050C,600
KNH1,601
STP4,602
SIT4,603
NPC2,604
MRP10,605
FAD1,606
MTF2,607
PRP11,608
SIR2,609
YDL041W,610
NAT1,611
PRM7,612
YDL038C,613
BSC1,614
PUS9,615
GPR1,616
YDL034W,617
SLM3,618
YDL032W,619
DBP10,620
PRP9,621
ARP2,622
MPS1,623
MRX9,624
YDL026W,625
RTK1,626
DIA3,627
YDL023C,628
GPD1,629
GPM2,630
RPN4,631
OSH2,632
ERP3,633
CDC7,634
YDL016C,635
TSC13,636
NOP1,637
SLX5,638
YDL012C,639
YDL011C,640
GRX6,641
YDL009C,642
APC11,643
RPT2,644
PTC1,645
MED2,646
ATP16,647
MCD1,648
NHP10,649
RMD1,650
NTH1,651
YRB1,652
RCR2,653
RAD57,654
MAF1,655
SOK1,656
TRP1,657
YDR008C,658
GAL3,659
YDR010C,660
SNQ2,661
RPL4B,662
PSF1,663
RAD61,664
YDR015C,665
DAD1,666
KCS1,667
YDR018C,668
GCV1,669
DAS2,670
FAL1,671
ATG31,672
SES1,673
FYV1,674
RPS11A,675
NSI1,676
VPS54,677
REG1,678
YDR029W,679
RAD28,680
MIX14,681
PST2,682
MRH1,683
LYS14,684
YDR034C-A,685
YDR034W-B,686
ARO3,687
EHD3,688
KRS1,689
ENA5,690
ENA2,691
ENA1,692
RSM10,693
YDR042C,694
NRG1,695
HEM13,696
RPC11,697
BAP3,698
HEM12,699
YDR048C,700
VMS1,701
TPI1,702
DET1,703
DBF4,704
YDR053W,705
CDC34,706
PST1,707
EMC10,708
YOS9,709
TGL2,710
UBC5,711
MAK21,712
YDR061W,713
LCB2,714
AIM7,715
RPS13,716
RRG1,717
RTR2,718
OCA6,719
DOS2,720
DOA4,721
FMP16,722
PAA1,723
IPT1,724
SNF11,725
TPS2,726
PPH3,727
RAD55,728
SED1,729
SHU2,730
PET100,731
TFB5,732
VPS41,733
PDC2,734
STN1,735
RRP8,736
TVP23,737
AFR1,738
SSS1,739
RRP1,740
SLU7,741
VTC5,742
ILT1,743
RLI1,744
UBC13,745
DNF2,746
YDR094W,747
YDR095C,748
GIS1,749
MSH6,750
GRX3,751
BMH2,752
TVP15,753
ARX1,754
YDR102C,755
STE5,756
SPO71,757
TMS1,758
ARP10,759
TMN2,760
TRS85,761
YDR109C,762
FOB1,763
ALT2,764
YDR112W,765
PDS1,766
YDR114C,767
MRX14,768
MRPL1,769
TMA64,770
APC4,771
VBA4,772
TRM1,773
DPB4,774
KIN1,775
INO2,776
YDR124W,777
ECM18,778
SWF1,779
ARO1,780
MTC5,781
SAC6,782
FIN1,783
YDR131C,784
YDR132C,785
YDR133C,786
CCW22,787
YCF1,788
VPS61,789
RGP1,790
HPR1,791
RUB1,792
MTQ2,793
DOP1,794
PEX7,795
SAN1,796
MKC7,797
TAF12,798
SWI5,799
EKI1,800
KGD2,801
YDR149C,802
NUM1,803
CTH1,804
GIR2,805
ENT5,806
YDR154C,807
CPR1,808
RPA14,809
YDR157W,810
HOM2,811
SAC3,812
SSY1,813
ACL4,814
NBP2,815
CWC15,816
SEC1,817
TRM82,818
SEC5,819
TAF10,820
CDC37,821
STB3,822
SEC7,823
HSP42,824
SUP35,825
ARG82,826
HMO1,827
RSM24,828
NGG1,829
UBC1,830
SDH4,831
CSN9,832
NVJ3,833
SCC2,834
SAS4,835
CDC1,836
PLP1,837
ATC1,838
UPS3,839
SND1,840
YDR187C,841
CCT6,842
SLY1,843
RVB1,844
HST4,845
NUP42,846
YDR193W,847
MSS116,848
REF2,849
CAB5,850
CBS2,851
RKM2,852
YDR199W,853
VPS64,854
SPC19,855
RAV2,856
YDR203W,857
COQ4,858
MSC2,859
EBS1,860
UME6,861
MSS4,862
YDR209C,863
YDR210W,864
GCD6,865
TCP1,866
UPC2,867
AHA1,868
YDR215C,869
ADR1,870
RAD9,871
SPR28,872
MFB1,873
YDR220C,874
GTB1,875
YDR222W,876
CRF1,877
HTB1,878
HTA1,879
ADK1,880
SIR4,881
PCF11,882
IVY1,883
YDR230W,884
COX20,885
HEM1,886
RTN1,887
LYS4,888
PRP42,889
FMN1,890
MRPL7,891
SEC26,892
YDR239C,893
SNU56,894
BUD26,895
AMD2,896
PRP28,897
PEX5,898
MNN10,899
TRS23,900
VHS1,901
YDR248C,902
YDR249C,903
YDR250C,904
PAM1,905
BTT1,906
MET32,907
CHL4,908
RMD5,909
CTA1,910
RKM4,911
HSP78,912
YAP6,913
SWM1,914
EXG2,915
YDR262W,916
DIN7,917
AKR1,918
PEX10,919
HEL2,920
CIA1,921
MSW1,922
YDR269C,923
CCC2,924
YDR271C,925
GLO2,926
DON1,927
YDR274C,928
BSC2,929
PMP3,930
MTH1,931
YDR278C,932
RNH202,933
RRP45,934
PHM6,935
MRX10,936
GCN2,937
DPP1,938
ZIP1,939
MGP12,940
INM2,941
NSE3,942
RTT103,943
YDR290W,944
HRQ1,945
SRP101,946
SSD1,947
DPL1,948
HDA2,949
MHR1,950
SUR2,951
ATP5,952
BFR2,953
PRO1,954
CFT1,955
GPI11,956
RSC3,957
CPR5,958
HNT2,959
YDR306C,960
PMT7,961
SRB7,962
GIC2,963
SUM1,964
TFB1,965
SSF2,966
PIB1,967
RAD34,968
IPK1,969
OMS1,970
HIM1,971
MCM21,972
YFT2,973
SWA2,974
DAD4,975
ASP1,976
MRPL35,977
TIM11,978
PEP7,979
UTP4,980
YCG1,981
YSP2,982
YDR327W,983
SKP1,984
PEX3,985
UBX5,986
GPI8,987
IRC3,988
RQC1,989
SWR1,990
MSN5,991
MRX8,992
MRPS28,993
YDR338C,994
FCF1,995
YDR340W,996
YDR341C,997
HXT7,998
HXT6,999
YDR344C,1000
HXT3,1001
SVF1,1002
MRP1,1003
PAL1,1004
YPS7,1005
ATP22,1006
SBE2,1007
YPQ2,1008
TRR1,1009
TRP4,1010
YDR355C,1011
SPC110,1012
CNL1,1013
GGA1,1014
EAF1,1015
YDR360W,1016
BCP1,1017
TFC6,1018
ESC2,1019
SEM1,1020
CDC40,1021
ESF1,1022
YDR366C,1023
KEI1,1024
YPR1,1025
XRS2,1026
DXO1,1027
CTS2,1028
VPS74,1029
FRQ1,1030
PHO92,1031
BCS1,1032
ARH1,1033
ATP17,1034
LSM6,1035
RGA2,1036
SDH6,1037
ARO10,1038
YRA1,1039
COI1,1040
RPP2B,1041
NKP1,1042
ATO3,1043
EFT2,1044
MUS81,1045
CIN10,1046
RVS167,1047
SAC7,1048
UBA2,1049
YDR391C,1050
SPT3,1051
SHE9,1052
RPT3,1053
SXM1,1054
YDR396W,1055
NCB2,1056
UTP5,1057
HPT1,1058
URH1,1059
YDR401W,1060
DIT2,1061
DIT1,1062
RPB7,1063
MRP20,1064
PDR15,1065
TRS120,1066
ADE8,1067
SIZ1,1068
STE14,1069
DFM1,1070
RRP17,1071
YDR413C,1072
ERD1,1073
YDR415C,1074
SYF1,1075
YDR417C,1076
RPL12B,1077
RAD30,1078
HKR1,1079
ARO80,1080
SIP1,1081
CAD1,1082
DYN2,1083
SNX41,1084
YDR426C,1085
RPN9,1086
BNA7,1087
TIF35,1088
CYM1,1089
YDR431W,1090
NPL3,1091
YDR433W,1092
GPI17,1093
PPM1,1094
PPZ2,1095
GPI19,1096
THI74,1097
LRS4,1098
DOT1,1099
APT2,1100
YDR442W,1101
SSN2,1102
YDR444W,1103
YDR445C,1104
ECM11,1105
RPS17B,1106
ADA2,1107
UTP6,1108
RPS18A,1109
YHP1,1110
PPN1,1111
TSA2,1112
GUK1,1113
YDR455C,1114
NHX1,1115
TOM1,1116
HEH2,1117
PFA5,1118
TFB3,1119
MFA1,1120
MRPL28,1121
STP1,1122
SPP41,1123
RMT2,1124
PKH3,1125
YDR467C,1126
TLG1,1127
SDC1,1128
UGO1,1129
RPL27B,1130
TRS31,1131
PRP3,1132
YDR474C,1133
JIP4,1134
YDR476C,1135
SNF1,1136
SNM1,1137
PEX29,1138
DIG2,1139
PHO8,1140
CWC21,1141
KRE2,1142
VPS52,1143
VPS72,1144
VPS60,1145
RIB3,1146
PAC11,1147
SLD5,1148
PKH1,1149
YDR491C,1150
IZH1,1151
MZM1,1152
RSM28,1153
VPS3,1154
PUF6,1155
ITR1,1156
SEC20,1157
LCD1,1158
RPL37B,1159
PLM2,1160
SAM2,1161
LPP1,1162
SPG3,1163
PSP1,1164
GMC1,1165
GIN4,1166
GNP1,1167
YDR509W,1168
SMT3,1169
SDH7,1170
EMI1,1171
GRX2,1172
YDR514C,1173
SLF1,1174
EMI2,1175
GRH1,1176
EUG1,1177
FPR2,1178
URC2,1179
YDR521W,1180
SPS2,1181
SPS1,1182
AGE1,1183
API2,1184
SNA2,1185
YDR526C,1186
RBA50,1187
HLR1,1188
QCR7,1189
APA2,1190
CAB1,1191
KRE28,1192
HSP31,1193
FIT1,1194
YDR535C,1195
STL1,1196
YDR537C,1197
PAD1,1198
FDC1,1199
IRC4,1200
YDR541C,1201
PAU10,1202
YDR543C,1203
YDR544C,1204
YRF1-1,1205
YEL077C,1206
YEL075W-A,1207
YEL075C,1208
YEL074W,1209
YEL073C,1210
RMD6,1211
DLD3,1212
DSF1,1213
HXT13,1214
YEL068C,1215
YEL067C,1216
HPA3,1217
SIT1,1218
AVT2,1219
CAN1,1220
NPR2,1221
CIN8,1222
PRB1,1223
SOM1,1224
YEL059W,1225
PCM1,1226
SDD1,1227
HAT2,1228
POL5,1229
RPL12A,1230
MAK10,1231
AFG1,1232
VMA8,1233
RML2,1234
PAU2,1235
TCA17,1236
FRD1,1237
GLY1,1238
YEL045C,1239
IES6,1240
YEL043W,1241
GDA1,1242
YEF1,1243
UTR2,1244
CYC7,1245
UTR4,1246
RAD23,1247
ANP1,1248
UTR5,1249
HYP2,1250
MTC7,1251
MCM3,1252
SPF1,1253
ECM10,1254
BUD16,1255
YEL028W,1256
VMA3,1257
SNU13,1258
YEL025C,1259
RIP1,1260
YEL023C,1261
GEA2,1262
URA3,1263
TIM9,1264
PXP1,1265
MMS21,1266
EAF5,1267
PMP2,1268
GTT3,1269
NPP2,1270
EDC3,1271
YEL014C,1272
VAC8,1273
UBC8,1274
GLC3,1275
YEL010W,1276
GCN4,1277
YEL008W,1278
MIT1,1279
YEA6,1280
VAB2,1281
YEA4,1282
GIM4,1283
WBP1,1284
IRC22,1285
MNN1,1286
NOP16,1287
PMI40,1288
FMP52,1289
YND1,1290
NUG1,1291
PAC2,1292
TMA20,1293
SEC3,1294
NTF2,1295
YER010C,1296
TIR1,1297
PRE1,1298
PRP22,1299
HEM14,1300
BUD25,1301
FAA2,1302
BIM1,1303
AFG3,1304
SPC25,1305
ISC1,1306
SBH2,1307
GPA2,1308
RPN3,1309
SRB4,1310
PRO3,1311
YAT2,1312
GCD11,1313
CHO1,1314
GAL83,1315
MIG3,1316
SMB1,1317
CHZ1,1318
YPT31,1319
FIR1,1320
ZRG8,1321
YER034W,1322
EDC2,1323
ARB1,1324
PHM8,1325
KRE29,1326
HVG1,1327
YER039C-A,1328
GLN3,1329
YEN1,1330
MXR1,1331
SAH1,1332
ERG28,1333
MEI4,1334
ACA1,1335
SPO73,1336
SAP1,1337
CAJ1,1338
ISD11,1339
TPA1,1340
RSM18,1341
JHD1,1342
HOM3,1343
PIC2,1344
HIS1,1345
FCY2,1346
RPL34A,1347
HMF1,1348
PET117,1349
PCL6,1350
FCY21,1351
FCY22,1352
CEM1,1353
GPP2,1354
THO1,1355
VHR2,1356
ICL1,1357
RRT13,1358
YER066C-A,1359
RGI1,1360
MOT2,1361
"ARG5,6",1362
RNR1,1363
TDA2,1364
VTC1,1365
ALD5,1366
RPS24A,1367
YOS1,1368
PTP3,1369
YER076C,1370
MRX1,1371
ICP55,1372
YER079W,1373
AIM9,1374
SER3,1375
UTP7,1376
GET2,1377
YER084W,1378
YER085C,1379
ILV1,1380
AIM10,1381
SBH1,1382
DOT6,1383
PTC2,1384
TRP2,1385
MET6,1386
YER091C-A,1387
IES5,1388
TSC11,1389
AIM11,1390
PUP3,1391
RAD51,1392
SHC1,1393
YER097W,1394
UBP9,1395
PRS2,1396
UBC6,1397
AST2,1398
RPS8B,1399
SSA4,1400
RTT105,1401
NUP157,1402
MAM1,1403
GLE2,1404
FLO8,1405
KAP123,1406
SWI4,1407
LSM4,1408
TMN3,1409
BOI2,1410
SPR6,1411
SLX8,1412
RPL23B,1413
SHO1,1414
AVT6,1415
YER119C-A,1416
SCS2,1417
YER121W,1418
GLO3,1419
YCK3,1420
DSE1,1421
RSP5,1422
NSA2,1423
LCP5,1424
VFA1,1425
SAK1,1426
COM2,1427
RPS26B,1428
PMD1,1429
GLC7,1430
YER134C,1431
YER135C,1432
GDI1,1433
YER137C,1434
YER138W-A,1435
RTR1,1436
EMP65,1437
COX15,1438
MAG1,1439
DDI1,1440
UBP5,1441
FTR1,1442
LSM5,1443
SCC4,1444
SPT15,1445
PEA2,1446
SPI1,1447
UBP3,1448
YER152C,1449
PET122,1450
OXA1,1451
BEM2,1452
YER156C,1453
COG3,1454
YER158C,1455
BUR6,1456
SPT2,1457
RAD4,1458
GCG1,1459
CHD1,1460
PAB1,1461
DNF1,1462
BCK2,1463
CCA1,1464
RPH1,1465
ADK2,1466
RAD3,1467
BRR2,1468
RAD24,1469
GRX4,1470
TMT1,1471
ECM32,1472
BMH1,1473
PDA1,1474
DMC1,1475
ISC10,1476
YER181C,1477
FMP10,1478
FAU1,1479
TOG1,1480
PUG1,1481
YER186C,1482
YER187W,1483
YER188W,1484
YER189W,1485
YRF1-2,1486
YFL068W,1487
YFL067W,1488
YFL066C,1489
YFL065C,1490
YFL064C,1491
YFL063W,1492
COS4,1493
DDI2,1494
SNO3,1495
SNZ3,1496
THI5,1497
AAD16,1498
AAD6,1499
AGP3,1500
AQY3,1501
DAK2,1502
ZNF1,1503
YFL051C,1504
ALR2,1505
SWP82,1506
EMP47,1507
RGD2,1508
FMP32,1509
SEC53,1510
OTU1,1511
LAM5,1512
FET5,1513
YFL040W,1514
ACT1,1515
YPT1,1516
TUB2,1517
RPO41,1518
MOB2,1519
RPL22B,1520
MIL1,1521
RIM15,1522
YFL032W,1523
HAC1,1524
AGX1,1525
CAK1,1526
CAF16,1527
GYP8,1528
STE2,1529
BST1,1530
EPL1,1531
BUD27,1532
FRS2,1533
GAT1,1534
PAU5,1535
YFL019C,1536
LPD1,1537
SMX2,1538
GNA1,1539
MDJ1,1540
YFL015C,1541
HSP12,1542
YFL012W-A,1543
IES1,1544
YFL012W,1545
HXT10,1546
AUA1,1547
WWM1,1548
CDC4,1549
SMC1,1550
BLM10,1551
YFL006W,1552
SEC4,1553
VTC2,1554
MSH4,1555
SPB4,1556
DEG1,1557
LOC1,1558
NIC96,1559
YPI1,1560
RPN11,1561
SAD1,1562
YFR006W,1563
YFH7,1564
FAR7,1565
GCN20,1566
UBP6,1567
MIC19,1568
DCV1,1569
YFR012W-A,1570
IOC3,1571
CMK1,1572
GSY1,1573
YFR016C,1574
IGD1,1575
YFR018C,1576
FAB1,1577
CSS2,1578
ATG18,1579
ROG3,1580
PES4,1581
LSB3,1582
HIS2,1583
ULI1,1584
ECO1,1585
CDC14,1586
PTR3,1587
MET10,1588
SMC2,1589
RPL2A,1590
RRT5,1591
RPL29,1592
QCR6,1593
PHO4,1594
YFR035C,1595
CDC26,1596
RSC8,1597
IRC5,1598
OSW7,1599
SAP155,1600
ERJ5,1601
KEG1,1602
IRC6,1603
DUG1,1604
YFR045W,1605
CNN1,1606
BNA6,1607
RMD8,1608
YMR31,1609
PRE4,1610
RET2,1611
RPN12,1612
HXK1,1613
YFR054C,1614
YFR056C,1615
IRC7,1616
YFR057W,1617
COS12,1618
YGL262W,1619
PAU11,1620
YGL260W,1621
YPS5,1622
YGL258W-A,1623
VEL1,1624
MNT2,1625
ADH4,1626
ZRT1,1627
FZF1,1628
HXK2,1629
RTG2,1630
HFM1,1631
RMR1,1632
ZIP2,1633
PDE1,1634
BRR6,1635
RAI1,1636
GUS1,1637
RTF1,1638
TAD1,1639
YGL242C,1640
KAP114,1641
DOC1,1642
YGL239C,1643
CSE1,1644
HAP2,1645
MTO1,1646
YGL235W,1647
"ADE5,7",1648
SEC15,1649
TAN1,1650
EMC4,1651
YGL230C,1652
SAP4,1653
SHE10,1654
VID30,1655
OST5,1656
MTC3,1657
VRG4,1658
SDT1,1659
COG1,1660
EDC1,1661
NIF3,1662
BOL2,1663
MDM34,1664
YGL218W,1665
YGL217C,1666
KIP3,1667
CLG1,1668
YGL214W,1669
SKI8,1670
VAM7,1671
NCS6,1672
YPT32,1673
MIG2,1674
SIP2,1675
SPT16,1676
CHC1,1677
POX1,1678
YGL204C,1679
KEX1,1680
ARO8,1681
MCM6,1682
EMP24,1683
YGL199C,1684
YIP4,1685
MDS3,1686
DSD1,1687
GCN1,1688
HOS2,1689
YGL193C,1690
IME4,1691
COX13,1692
CDC55,1693
RPS26A,1694
YGL188C,1695
COX4,1696
TPN1,1697
YGL185C,1698
STR3,1699
MND1,1700
YGL182C,1701
GTS1,1702
ATG1,1703
TOS3,1704
MPT5,1705
YGL177W,1706
YGL176C,1707
SAE2,1708
BUD13,1709
XRN1,1710
NUP49,1711
ROK1,1712
SPO74,1713
SUA5,1714
HUR1,1715
PMR1,1716
CUP2,1717
YGL165C,1718
YRB30,1719
RAD54,1720
SUT1,1721
YIP5,1722
AIM14,1723
YGL159W,1724
RCK1,1725
ARI1,1726
AMS1,1727
CDC43,1728
LYS5,1729
PEX14,1730
YGL152C,1731
NUT1,1732
INO80,1733
YGL149W,1734
ARO2,1735
RPL9A,1736
RRT6,1737
TIP20,1738
ROG1,1739
MRF1,1740
GPI10,1741
HUL5,1742
YGL140C,1743
FLC3,1744
YGL138C,1745
SEC27,1746
MRM2,1747
RPL1B,1748
PCL10,1749
ITC1,1750
YGL132W,1751
SNT2,1752
CEG1,1753
RSM23,1754
CWC23,1755
SOH1,1756
SCS3,1757
MET13,1758
MON1,1759
RPS2,1760
NAB2,1761
GPG1,1762
PRP43,1763
COQ8,1764
YGL118C,1765
YGL117W,1766
CDC20,1767
SNF4,1768
YGL114W,1769
SLD3,1770
TAF6,1771
NSA1,1772
CUE3,1773
YGL109W,1774
YGL108C,1775
RMD9,1776
MLC1,1777
ARC1,1778
VPS73,1779
RPL28,1780
YGL102C,1781
YGK1,1782
SEH1,1783
LSG1,1784
USE1,1785
SRM1,1786
TOS8,1787
VPS45,1788
PAN2,1789
SPC105,1790
NUP145,1791
NBP35,1792
LIF1,1793
MF(ALPHA)2,1794
YGL088W,1795
MMS2,1796
MAD1,1797
LCL3,1798
GUP1,1799
SCY1,1800
YGL082W,1801
YGL081W,1802
MPC1,1803
KXD1,1804
DBP3,1805
HNM1,1806
RPL7A,1807
MPS2,1808
YGL074C,1809
HSF1,1810
YGL072C,1811
AFT1,1812
RPB9,1813
YGL069C,1814
MNP1,1815
NPY1,1816
SGF73,1817
ALG2,1818
MRH4,1819
PUS2,1820
PYC1,1821
DUO1,1822
YBP2,1823
PKP2,1824
RAD6,1825
GEP7,1826
SDS23,1827
OLE1,1828
ERV14,1829
PRM8,1830
YGL052W,1831
MST27,1832
TYW3,1833
TIF4632,1834
RPT6,1835
ALG13,1836
RIM8,1837
RNA15,1838
DST1,1839
YGL042C,1840
YGL041C,1841
HEM2,1842
YGL039W,1843
OCH1,1844
PNC1,1845
YGL036W,1846
MIG1,1847
YGL034C,1848
HOP2,1849
AGA2,1850
RPL24A,1851
RPL30,1852
CGR1,1853
SCW11,1854
CWH41,1855
TRP5,1856
PGD1,1857
YGL024W,1858
PIB2,1859
STT3,1860
ALK1,1861
GET1,1862
CKB1,1863
JAC1,1864
ATE1,1865
KAP122,1866
YGL015C,1867
PUF4,1868
PDR1,1869
ERG4,1870
SCL1,1871
MPO1,1872
LEU1,1873
PMA1,1874
BRP1,1875
PMC1,1876
COG7,1877
RPN14,1878
CDH1,1879
ERP6,1880
ERG26,1881
EFM5,1882
SWC4,1883
CUL3,1884
PEX31,1885
TFG2,1886
PRP18,1887
ECT1,1888
STF2,1889
SEC9,1890
NMA2,1891
YGR011W,1892
MCY1,1893
SNU71,1894
MSB2,1895
EAT1,1896
YGR016W,1897
YGR017W,1898
YGR018C,1899
UGA1,1900
VMA7,1901
DPC29,1902
YGR022C,1903
MTL1,1904
THG1,1905
YGR025W,1906
YGR026W,1907
RPS25A,1908
MSP1,1909
ERV1,1910
POP6,1911
IMO32,1912
GSC2,1913
TIM21,1914
RPL26B,1915
YGR035C,1916
CAX4,1917
ACB1,1918
ORM1,1919
YGR039W,1920
KSS1,1921
BUD9,1922
MTE1,1923
NQM1,1924
RME1,1925
YGR045C,1926
TAM41,1927
TFC4,1928
UFD1,1929
SCM4,1930
YGR050C,1931
YGR051C,1932
FMP48,1933
MCO32,1934
YGR054W,1935
MUP1,1936
RSC1,1937
LST7,1938
PEF1,1939
SPR3,1940
ERG25,1941
ADE6,1942
COX18,1943
SPT4,1944
YGR064W,1945
VHT1,1946
YGR066C,1947
YGR067C,1948
ART5,1949
YGR069W,1950
ROM1,1951
ENV11,1952
UPF3,1953
YGR073C,1954
SMD1,1955
PRP38,1956
MRPL25,1957
PEX8,1958
PAC10,1959
YGR079W,1960
TWF1,1961
SLX9,1962
TOM20,1963
GCD2,1964
MRP13,1965
RPL11B,1966
PIL1,1967
PDC6,1968
CTT1,1969
NNF2,1970
UTP22,1971
PRP31,1972
DBF2,1973
DRN1,1974
VAS1,1975
RRP46,1976
TPC1,1977
ASK10,1978
ESP1,1979
TEL2,1980
MDR1,1981
PCP1,1982
GTF1,1983
NOP7,1984
SRB5,1985
VMA21,1986
VOA1,1987
YGR107W,1988
CLB1,1989
CLB6,1990
CLD1,1991
YGR111W,1992
SHY1,1993
DAM1,1994
YGR114C,1995
YGR115C,1996
SPT6,1997
YGR117C,1998
RPS23A,1999
NUP57,2000
COG2,2001
MEP1,2002
YGR122W,2003
YGR122C-A,2004
PPT1,2005
ASN2,2006
YGR125W,2007
YGR126W,2008
YGR127W,2009
UTP8,2010
SYF2,2011
YGR130C,2012
FHN1,2013
PHB1,2014
PEX4,2015
CAF130,2016
PRE9,2017
LSB1,2018
YGR137W,2019
TPO2,2020
YGR139W,2021
CBF2,2022
VPS62,2023
BTN2,2024
SKN1,2025
THI4,2026
ENP2,2027
ECL1,2028
NAT2,2029
RPL24B,2030
GPC1,2031
CCM1,2032
YGR151C,2033
RSR1,2034
YGR153W,2035
GTO1,2036
CYS4,2037
PTI1,2038
CHO2,2039
MTR3,2040
NSR1,2041
YGR160W,2042
RTS3,2043
TIF4631,2044
GTR2,2045
YGR164W,2046
MRPS35,2047
TRS65,2048
CLC1,2049
PEX35,2050
PUS6,2051
PSD2,2052
MSM1,2053
YIP1,2054
RBG2,2055
CBP4,2056
ERG1,2057
YGR176W,2058
ATF2,2059
PBP1,2060
OKP1,2061
RNR4,2062
TIM13,2063
YGR182C,2064
QCR9,2065
UBR1,2066
TYS1,2067
TFG1,2068
HGH1,2069
BUB1,2070
CRH1,2071
YGR190C,2072
HIP1,2073
TDH3,2074
PDX1,2075
XKS1,2076
SKI6,2077
FYV8,2078
SNG1,2079
YPP1,2080
PMT6,2081
ELP2,2082
YGR201C,2083
PCT1,2084
YCH1,2085
ADE3,2086
TDA10,2087
MVB12,2088
CIR1,2089
SER2,2090
TRX2,2091
YGR210C,2092
ZPR1,2093
SLI1,2094
RTA1,2095
RPS0A,2096
RSM27,2097
GPI1,2098
CCH1,2099
CRM1,2100
YGR219W,2101
MRPL9,2102
TOS2,2103
PET54,2104
HSV2,2105
AZR1,2106
AMA1,2107
YGR226C,2108
DIE2,2109
YGR228W,2110
SMI1,2111
BNS1,2112
PHB2,2113
NAS6,2114
PHO81,2115
YHB1,2116
MIC26,2117
SPG1,2118
YGR237C,2119
KEL2,2120
PEX21,2121
PFK1,2122
YAP1802,2123
YGR242W,2124
MPC3,2125
LSC2,2126
SDA1,2127
BRF1,2128
CPD1,2129
SOL4,2130
MGA1,2131
RIE1,2132
NOP19,2133
GCN5,2134
PUP2,2135
ENO1,2136
COQ6,2137
GND2,2138
MTM1,2139
RAD2,2140
YGR259C,2141
TNA1,2142
APL6,2143
BUD32,2144
SAY1,2145
MES1,2146
YGR265W,2147
YGR266W,2148
FOL2,2149
HUA1,2150
YGR269W,2151
YTA7,2152
SLH1,2153
EFG1,2154
YGR272C,2155
YGR273C,2156
TAF1,2157
RTT102,2158
RNH70,2159
CAB4,2160
CWC22,2161
SCW4,2162
PXR1,2163
YOR1,2164
BGL2,2165
YGR283C,2166
ERV29,2167
ZUO1,2168
BIO2,2169
IMA1,2170
MAL13,2171
MAL11,2172
YGR290W,2173
YGR291C,2174
MAL12,2175
YGR293C,2176
PAU12,2177
COS6,2178
YRF1-3,2179
YHL050C,2180
YHL049C,2181
COS8,2182
ARN2,2183
PAU13,2184
YHL045W,2185
YHL044W,2186
ECM34,2187
YHL042W,2188
YHL041W,2189
ARN1,2190
EFM1,2191
CBP2,2192
YHL037C,2193
MUP3,2194
VMR1,2195
SBP1,2196
RPL8A,2197
GUT1,2198
GOS1,2199
ECM29,2200
OCA5,2201
WSC4,2202
RIM101,2203
YHL026C,2204
SNF6,2205
RIM4,2206
NPR3,2207
SPO11,2208
AIM17,2209
OPI1,2210
APM2,2211
MCO14,2212
YHL017W,2213
DUR3,2214
RPS20,2215
YLF2,2216
OTU2,2217
YHL012W,2218
PRS3,2219
ETP1,2220
YAP3,2221
YHL008C,2222
STE20,2223
SHU1,2224
YHL005C,2225
MRP4,2226
LAG1,2227
HSE1,2228
RPL14B,2229
OSH7,2230
QCR10,2231
LEU5,2232
TCD1,2233
NEM1,2234
GPA1,2235
TIM10,2236
STP2,2237
ERG11,2238
SOD2,2239
TDA3,2240
RPL27A,2241
DIA4,2242
VPS29,2243
ARD1,2244
SPO13,2245
YSC84,2246
YSC83,2247
ARG4,2248
DED81,2249
YHR020W,2250
RPS27B,2251
ECM12,2252
YHR022C,2253
MYO1,2254
MAS2,2255
THR1,2256
VMA16,2257
RPN1,2258
DAP2,2259
YHI9,2260
SLT2,2261
RRM3,2262
ERC1,2263
YHR033W,2264
PIH1,2265
NEL1,2266
BRL1,2267
PUT2,2268
RRF1,2269
MSC7,2270
VMA10,2271
BCD1,2272
SRB2,2273
NCP1,2274
DOG2,2275
DOG1,2276
YHR045W,2277
INM1,2278
YHK8,2279
FSH1,2280
YHR049C-A,2281
SMF2,2282
COX6,2283
CIC1,2284
CUP1-1,2285
YHR054C,2286
CUP1-2,2287
RSC30,2288
CPR2,2289
MED6,2290
FYV4,2291
VMA22,2292
GIC1,2293
RPP1,2294
PAN5,2295
SSZ1,2296
RRP3,2297
SSF1,2298
HTD2,2299
DYS1,2300
RRP4,2301
TRM5,2302
PCL5,2303
ERG7,2304
NOP10,2305
OSH3,2306
QNS1,2307
PPE1,2308
PTC7,2309
NMD2,2310
YHR078W,2311
IRE1,2312
SAE3,2313
LAM4,2314
LRP1,2315
KSP1,2316
SAM35,2317
STE12,2318
IPI1,2319
NAM8,2320
RTC3,2321
RPF1,2322
GAR1,2323
YNG2,2324
MSR1,2325
HXT4,2326
AHT1,2327
HXT1,2328
YHR095W,2329
HXT5,2330
PAL2,2331
SFB3,2332
TRA1,2333
GEP4,2334
BIG1,2335
KIC1,2336
SBE22,2337
GRE3,2338
YPT35,2339
TRR2,2340
CDC12,2341
GGA2,2342
CTM1,2343
ERP5,2344
UBA4,2345
YHR112C,2346
APE4,2347
BZZ1,2348
DMA1,2349
COX23,2350
TOM71,2351
ORC6,2352
SET1,2353
MSH1,2354
LSM12,2355
CIA2,2356
EPT1,2357
NDT80,2358
YHR125W,2359
ANS1,2360
YHR127W,2361
FUR1,2362
ARP1,2363
YHR130C,2364
YHR131C,2365
ECM14,2366
IGO2,2367
NSG1,2368
WSS1,2369
YCK1,2370
SPL2,2371
ARO9,2372
YHR138C,2373
SPS100,2374
YHR139C-A,2375
YHR140W,2376
RPL42B,2377
CHS7,2378
DSE2,2379
RPC10,2380
DCD1,2381
YHR145C,2382
CRP1,2383
MRPL6,2384
IMP3,2385
SKG6,2386
PEX28,2387
MTC6,2388
SPO12,2389
SPO16,2390
RTT107,2391
LAM1,2392
LIN1,2393
REC104,2394
KEL1,2395
TDA11,2396
PEX18,2397
YAP1801,2398
MPC2,2399
SOL3,2400
DNA2,2401
PRP8,2402
CDC23,2403
THP2,2404
MTG2,2405
DBP8,2406
NMD3,2407
ATG7,2408
SPC97,2409
YHR173C,2410
ENO2,2411
CTR2,2412
FMO1,2413
ROF1,2414
STB5,2415
OYE2,2416
YHR180W,2417
SVP26,2418
YHR182W,2419
GND1,2420
SSP1,2421
PFS1,2422
KOG1,2423
IKI1,2424
GPI16,2425
PTH1,2426
ERG9,2427
CTF8,2428
LNP1,2429
EGD2,2430
MDM31,2431
NVJ1,2432
UTP9,2433
RIX1,2434
AIM18,2435
AIM46,2436
RPN10,2437
PPX1,2438
YHR202W,2439
RPS4B,2440
MNL1,2441
SCH9,2442
SKN7,2443
SET5,2444
BAT1,2445
CRG1,2446
YHR210C,2447
FLO5,2448
YHR212C,2449
YHR213W,2450
YHR214W,2451
YHR214W-A,2452
PHO12,2453
IMD2,2454
YHR217C,2455
YHR218W,2456
YHR219W,2457
YIL177C,2458
PAU14,2459
VTH1,2460
IMA3,2461
CSS1,2462
YIL168W,2463
SDL1,2464
SOA1,2465
YIL165C,2466
NIT1,2467
YIL163C,2468
SUC2,2469
YIL161W,2470
POT1,2471
BNR1,2472
AIM20,2473
COA1,2474
UBP7,2475
GUT2,2476
RRD1,2477
YIL152W,2478
ESL1,2479
MCM10,2480
MLP2,2481
RPL40A,2482
SLN1,2483
ATG32,2484
PAN6,2485
NDC80,2486
SSL2,2487
CCT2,2488
YIL141W,2489
AXL2,2490
REV7,2491
TPM2,2492
TMA108,2493
OM45,2494
VHS2,2495
FLX1,2496
RPL16A,2497
CSM2,2498
FKH1,2499
ASG1,2500
TAO3,2501
MET18,2502
RRT14,2503
STH1,2504
KGD1,2505
AYR1,2506
SIM1,2507
POG1,2508
QDR2,2509
QDR1,2510
RPI1,2511
RHO3,2512
PRM5,2513
HIS5,2514
NUP159,2515
POR2,2516
SDP1,2517
HOS4,2518
COX5B,2519
HPM1,2520
SEC24,2521
YIL108W,2522
PFK26,2523
MOB1,2524
SLM1,2525
SHQ1,2526
DPH1,2527
YIL102C,2528
XBP1,2529
YIL100W,2530
SGA1,2531
FMC1,2532
FYV10,2533
BMT5,2534
PRK1,2535
LYS12,2536
RSM25,2537
YIL092W,2538
UTP25,2539
ICE2,2540
YIL089W,2541
AVT7,2542
AIM19,2543
YIL086C,2544
KTR7,2545
SDS3,2546
CAB2,2547
AIR1,2548
THS1,2549
RCI37,2550
SEC28,2551
RPN2,2552
SER33,2553
SPO22,2554
HOP1,2555
PCI8,2556
MAM33,2557
RPS24B,2558
SEC6,2559
YIL067C,2560
RNR3,2561
FIS1,2562
EFM4,2563
YRB2,2564
ARC15,2565
SNP1,2566
YIL060W,2567
YIL059C,2568
YIL058W,2569
RGI2,2570
VHR1,2571
YIL055C,2572
YIL054W,2573
GPP1,2574
RPL34B,2575
MMF1,2576
PCL7,2577
DFG10,2578
NEO1,2579
SYG1,2580
MET30,2581
PIG2,2582
AGE2,2583
CBR1,2584
PKP1,2585
GVP36,2586
APQ12,2587
TED1,2588
NOT3,2589
PRM2,2590
CST6,2591
CKA1,2592
CAP2,2593
BCY1,2594
YIL032C,2595
ULP2,2596
SSM4,2597
EMA17,2598
YIL028W,2599
EMC5,2600
IRR1,2601
YIL025C,2602
YIL024C,2603
YKE4,2604
TIM44,2605
RPB3,2606
HIS6,2607
FAF1,2608
RPL2B,2609
VID28,2610
SNL1,2611
BAR1,2612
YIL014C-A,2613
MNT3,2614
PDR11,2615
YIL012W,2616
TIR3,2617
DOT5,2618
EST3,2619
FAA3,2620
URM1,2621
NAS2,2622
YIA6,2623
EPS1,2624
BET1,2625
CFD1,2626
INP51,2627
YIL001W,2628
SGN1,2629
MPH1,2630
AIM21,2631
DJP1,2632
IST3,2633
PAN1,2634
EGH1,2635
PRI1,2636
MSL1,2637
DSN1,2638
STS1,2639
SQT1,2640
GAT4,2641
VLD1,2642
RPR2,2643
YIR016W,2644
MET28,2645
YAP5,2646
FLO11,2647
YIR020C,2648
YIR020W-A,2649
MRS1,2650
SEC11,2651
DAL81,2652
INA22,2653
MND2,2654
YVH1,2655
DAL1,2656
DAL4,2657
DAL2,2658
DCG1,2659
DAL7,2660
DAL3,2661
MGA2,2662
LYS1,2663
NRE1,2664
IRC24,2665
HYR1,2666
GTT1,2667
YPS6,2668
YIR040C,2669
PAU15,2670
YIR042C,2671
YIR043C,2672
YIR044C,2673
YJL225C,2674
PAU1,2675
VTH2,2676
IMA4,2677
YJL220W,2678
HXT9,2679
YJL218W,2680
REE1,2681
IMA5,2682
YJL215C,2683
HXT8,2684
YJL213W,2685
OPT1,2686
YJL211C,2687
PEX2,2688
CBP1,2689
NUC1,2690
LAA1,2691
YJL206C,2692
NCE101,2693
RCY1,2694
PRP21,2695
YJL202C,2696
ECM25,2697
ACO2,2698
MBB1,2699
PHO90,2700
UBP12,2701
ELO1,2702
YJL195C,2703
CDC6,2704
YJL193W,2705
SOP4,2706
RPS14B,2707
RPS22A,2708
RPL39,2709
BUD19,2710
SWE1,2711
MNN5,2712
ATG36,2713
GON7,2714
MNN11,2715
YJL182C,2716
RBH1,2717
ATP12,2718
PFD1,2719
ATG27,2720
RPL17B,2721
SWI3,2722
YJL175W,2723
KRE9,2724
RFA3,2725
CPS1,2726
TOH1,2727
ASG7,2728
YJL169W,2729
SET2,2730
ERG20,2731
QCR8,2732
HAL5,2733
TPK1,2734
YJL163C,2735
JJJ2,2736
FMP33,2737
PIR5,2738
HSP150,2739
CIS3,2740
FAR1,2741
YJL156W-A,2742
SSY5,2743
FBP26,2744
VPS35,2745
INO1,2746
YJL152W,2747
SNA3,2748
YJL150W,2749
DAS1,2750
RPA34,2751
SMT1,2752
IDS2,2753
SFH5,2754
ROQ1,2755
TIM17,2756
YJL142C,2757
YAK1,2758
RPB4,2759
YUR1,2760
TIF2,2761
GLG2,2762
RPS21B,2763
YJL135W,2764
LCB3,2765
MRS3,2766
YJL132W,2767
AIM23,2768
URA2,2769
TRK1,2770
PBS2,2771
YJL127W-A,2772
SPT10,2773
NIT2,2774
GCD14,2775
LSM1,2776
MTC1,2777
ALB1,2778
RPE1,2779
YJL120W,2780
YJL119C,2781
YJL118W,2782
PHO86,2783
NCA3,2784
ASF1,2785
MDV1,2786
CCT7,2787
GZF3,2788
UTP10,2789
PRM10,2790
YJL107C,2791
IME2,2792
SET4,2793
PAM16,2794
GSM1,2795
MEF2,2796
GSH1,2797
LSB6,2798
CHS6,2799
SAP185,2800
PHS1,2801
MRPL49,2802
BCK1,2803
YJL028W,2804
YJL027C,2805
RNR2,2806
RRN7,2807
APS3,2808
PET130,2809
YJL022W,2810
BBC1,2811
MPS3,2812
YJL017W,2813
TPH3,2814
YJL015C,2815
CCT3,2816
MAD3,2817
YJL012C-A,2818
VTC4,2819
RPC17,2820
NOP9,2821
YJL009W,2822
CCT8,2823
YJL007C,2824
CTK2,2825
CYR1,2826
SYS1,2827
COX16,2828
OST1,2829
PRE3,2830
AVT1,2831
MPP10,2832
MRX12,2833
SAG1,2834
APL1,2835
POL31,2836
SUI2,2837
MHO1,2838
TDH2,2839
MET3,2840
SPC1,2841
YJR011C,2842
YJR012C,2843
GPI14,2844
TMA22,2845
YJR015W,2846
ILV3,2847
ESS1,2848
YJR018W,2849
TES1,2850
YJR020W,2851
REC107,2852
LSM8,2853
YJR023C,2854
MDE1,2855
BNA1,2856
RBH2,2857
GEA1,2858
CPR7,2859
RAV1,2860
PET191,2861
RAD26,2862
HUL4,2863
YJR037W,2864
YJR038C,2865
MLO127,2866
GEF1,2867
URB2,2868
NUP85,2869
POL32,2870
VPS55,2871
SSC1,2872
TAH11,2873
ANB1,2874
CYC1,2875
UTR1,2876
ISY1,2877
OSM1,2878
RAD7,2879
BFA1,2880
KCH1,2881
HIT1,2882
YJR056C,2883
CDC8,2884
APS2,2885
PTK2,2886
CBF1,2887
MNN14,2888
NTA1,2889
RPA12,2890
CCT5,2891
ARP3,2892
TOR1,2893
YAE1,2894
RFC2,2895
HAM1,2896
LIA1,2897
YJR071W,2898
NPA3,2899
OPI3,2900
MOG1,2901
HOC1,2902
CDC11,2903
MIR1,2904
BNA2,2905
YJR079W,2906
AIM24,2907
EAF6,2908
ACF4,2909
YJR084W,2910
TMH11,2911
STE18,2912
YJR087W,2913
EMC2,2914
BIR1,2915
GRR1,2916
JSN1,2917
BUD4,2918
FIP1,2919
IME1,2920
RPL43B,2921
SFC1,2922
YJR096W,2923
JJJ3,2924
YJR098C,2925
YUH1,2926
AIM25,2927
RSM26,2928
VPS25,2929
URA8,2930
SOD1,2931
ADO1,2932
ECM27,2933
LIH1,2934
ABM1,2935
CPA2,2936
YMR1,2937
PXP2,2938
NNF1,2939
RSM7,2940
YJR114W,2941
YJR115W,2942
TDA4,2943
STE24,2944
ILM1,2945
JHD2,2946
YJR120W,2947
ATP2,2948
IBA57,2949
RPS5,2950
YJR124C,2951
ENT3,2952
VPS70,2953
RSF2,2954
YJR128W,2955
EFM3,2956
STR2,2957
MNS1,2958
NMD5,2959
XPT1,2960
SGM1,2961
MCM22,2962
TIM8,2963
TTI2,2964
MET5,2965
IML1,2966
HOM6,2967
HIR3,2968
IPA1,2969
YJR142W,2970
PMT4,2971
MGM101,2972
RPS4A,2973
YJR146W,2974
HMS2,2975
BAT2,2976
YJR149W,2977
DAN1,2978
DAN4,2979
DAL5,2980
PGU1,2981
YJR154W,2982
AAD10,2983
THI11,2984
YJR157W,2985
HXT16,2986
SOR1,2987
MPH3,2988
COS5,2989
PAU16,2990
YKL223W,2991
YKL222C,2992
MCH2,2993
FRE2,2994
COS9,2995
SRY1,2996
JEN1,2997
URA1,2998
OXP1,2999
YRA2,3000
DOA1,3001
SAC1,3002
TRP3,3003
UBA1,3004
STE6,3005
CBT1,3006
EMC3,3007
ADD66,3008
LOS1,3009
EAP1,3010
TOR2,3011
YKL202W,3012
MNN4,3013
PTK1,3014
PEX1,3015
YKT6,3016
MIA40,3017
MST1,3018
SDS22,3019
ACP1,3020
DPH2,3021
CNB1,3022
HYM1,3023
PXA2,3024
FAT3,3025
MTR2,3026
ASH1,3027
SPE1,3028
LOT5,3029
FAS1,3030
PRS1,3031
RPL17A,3032
COY1,3033
STE3,3034
YKL177W,3035
LST4,3036
ZRT3,3037
TPO5,3038
SNU114,3039
EBP2,3040
NNK1,3041
MRPL38,3042
YKL169C,3043
KKQ8,3044
MRP49,3045
TPK3,3046
YKL165C-A,3047
MCD4,3048
PIR1,3049
PIR3,3050
YKL162C-A,3051
YKL162C,3052
KDX1,3053
ELF1,3054
RCN1,3055
APE2,3056
RPS27A,3057
RSM22,3058
SRP102,3059
YKL153W,3060
GPM1,3061
NNR2,3062
MCR1,3063
DBR1,3064
SDH1,3065
YKL147C,3066
AVT3,3067
RPT1,3068
RPC25,3069
LTV1,3070
MRP8,3071
SDH3,3072
TGL1,3073
CTK1,3074
MRPL31,3075
CMC1,3076
YKL136W,3077
APL2,3078
1-Oct,3079
RCI50,3080
RMA1,3081
YKL131W,3082
SHE2,3083
MYO3,3084
PMU1,3085
PGM1,3086
YPK1,3087
RRN3,3088
SSH4,3089
YKL123W,3090
SRP21,3091
DGR2,3092
OAC1,3093
VPH2,3094
YKL118W,3095
SBA1,3096
PRR1,3097
YKL115C,3098
APN1,3099
RAD27,3100
ABF1,3101
YKL111C,3102
KTI12,3103
HAP4,3104
SLD2,3105
YKL107W,3106
YKL106C-A,3107
AAT1,3108
SEG2,3109
GFA1,3110
APE1,3111
YKL102C,3112
HSL1,3113
YPF1,3114
UTP11,3115
MTC2,3116
YKL097C,3117
CWP2,3118
CWP1,3119
YJU2,3120
YJU3,3121
MBR1,3122
BUD2,3123
YKL091C,3124
CUE2,3125
MIF2,3126
CAB3,3127
CYT2,3128
SRX1,3129
MDH1,3130
HOT13,3131
YKL083W,3132
RRP14,3133
TEF4,3134
VMA5,3135
SMY1,3136
DHR2,3137
PSG1,3138
YKL076C,3139
YKL075C,3140
MUD2,3141
LHS1,3142
STB6,3143
YKL071W,3144
YKL070W,3145
YKL069W,3146
NUP100,3147
YNK1,3148
YKL066W,3149
YET1,3150
MNR2,3151
YKL063C,3152
MSN4,3153
BLI1,3154
FBA1,3155
MPE1,3156
TOA2,3157
NUP120,3158
TMA19,3159
OAR1,3160
DEF1,3161
MDM35,3162
YKL053W,3163
ASK1,3164
SFK1,3165
YKL050C,3166
CSE4,3167
ELM1,3168
ANR2,3169
DCW1,3170
PRI2,3171
MMO1,3172
PHD1,3173
SPC42,3174
VPS24,3175
NFU1,3176
PTM1,3177
RGT1,3178
AIM26,3179
YKL036C,3180
UGP1,3181
TUL1,3182
YKL033W-A,3183
TTI1,3184
IXR1,3185
YKL031W,3186
YKL030W,3187
MAE1,3188
TFA1,3189
TCD2,3190
GPX1,3191
PAN3,3192
URA6,3193
YKL023W,3194
CDC16,3195
MAK11,3196
SPT23,3197
RAM2,3198
MCO12,3199
SWD2,3200
HCS1,3201
ATP7,3202
PUT3,3203
URB1,3204
ARC19,3205
PRP40,3206
CCE1,3207
UFD4,3208
MRT4,3209
LAC1,3210
CAP1,3211
SFT1,3212
RPL14A,3213
BYE1,3214
AUR1,3215
MRP17,3216
DID4,3217
MET14,3218
VPS1,3219
PAP1,3220
OSH6,3221
ECM9,3222
YKR005C,3223
MRPL13,3224
MEH1,3225
RSC4,3226
FOX2,3227
TOF2,3228
YKR011C,3229
YKR012C,3230
PRY2,3231
YPT52,3232
YKR015C,3233
MIC60,3234
HEL1,3235
YKR018C,3236
IRS4,3237
VPS51,3238
ALY1,3239
NTR2,3240
RQT4,3241
DBP7,3242
RPC37,3243
GCN3,3244
BCH2,3245
SAP190,3246
SET3,3247
GMH1,3248
SPO14,3249
YKR032W,3250
YKR033C,3251
DAL80,3252
DID2,3253
CAF4,3254
SPC34,3255
KAE1,3256
GAP1,3257
YKR040C,3258
YKR041W,3259
UTH1,3260
SHB17,3261
UIP5,3262
YKR045C,3263
PLN1,3264
YKR047W,3265
NAP1,3266
FMP46,3267
TRK2,3268
HFL1,3269
MRS4,3270
YSR3,3271
DYN1,3272
RHO4,3273
TRM2,3274
RPS21A,3275
GLG1,3276
TIF1,3277
UTP30,3278
KTR2,3279
TFA2,3280
LAS1,3281
OAF3,3282
PAM17,3283
CCP1,3284
GPT2,3285
BET3,3286
MET1,3287
YKR070W,3288
DRE2,3289
SIS2,3290
YKR073C,3291
AIM29,3292
YKR075C,3293
ECM4,3294
MSA2,3295
YKR078W,3296
TRZ1,3297
MTD1,3298
RPF2,3299
NUP133,3300
DAD2,3301
HBS1,3302
MRPL20,3303
PRP16,3304
OMA1,3305
TVP38,3306
TGL4,3307
PXL1,3308
SRL3,3309
SRP40,3310
PTR2,3311
RPL40B,3312
MLP1,3313
ESL2,3314
PCK1,3315
UBP11,3316
BAS1,3317
SKG1,3318
SIR1,3319
FLO10,3320
VBA5,3321
GEX2,3322
YLL067C,3323
YLL066C,3324
YLL065W,3325
PAU18,3326
AYT1,3327
MHT1,3328
MMP1,3329
GTT2,3330
YLL059C,3331
YLL058W,3332
JLP1,3333
YLL056C,3334
YCT1,3335
YLL054C,3336
YLL053C,3337
AQY2,3338
FRE6,3339
COF1,3340
LDB18,3341
YBT1,3342
RNP1,3343
RPL8B,3344
FPS1,3345
ATG10,3346
SDH2,3347
VPS13,3348
UBI4,3349
ENT4,3350
YLL037W,3351
PRP19,3352
GRC3,3353
RIX7,3354
IRC19,3355
YLL032C,3356
GPI13,3357
RRT7,3358
FRA1,3359
TPO1,3360
ISA1,3361
HSP104,3362
PAU17,3363
SSA2,3364
POM33,3365
HIF1,3366
SPA2,3367
YLL020C,3368
KNS1,3369
COX19,3370
DPS1,3371
BPT1,3372
EMC6,3373
PUF3,3374
YEH1,3375
SOF1,3376
PSR1,3377
COX17,3378
DRS1,3379
LMO1,3380
MMM1,3381
SPO75,3382
ORC3,3383
SFI1,3384
RTT109,3385
DNM1,3386
YLR001C,3387
NOC3,3388
CMS1,3389
THI73,3390
SSL1,3391
SSK1,3392
NSE1,3393
PAM18,3394
RLP24,3395
TEN1,3396
LOT6,3397
YLR012C,3398
GAT3,3399
PPR1,3400
BRE2,3401
PML1,3402
MEU1,3403
POM34,3404
PSR2,3405
YEH2,3406
IRC25,3407
SDO1,3408
IZH3,3409
UBR2,3410
SNF7,3411
SED5,3412
AAT2,3413
ADE16,3414
RPL15A,3415
YLR030W,3416
YLR031W,3417
RAD5,3418
RSC58,3419
SMF3,3420
MLH2,3421
YLR036C,3422
PAU23,3423
COX12,3424
RIC1,3425
AFB1,3426
YLR041W,3427
YLR042C,3428
TRX1,3429
PDC1,3430
STU2,3431
YLR046C,3432
FRE8,3433
RPS0B,3434
MLO50,3435
EMA19,3436
FCF2,3437
IES3,3438
YLR053C,3439
OSW2,3440
SPT8,3441
ERG3,3442
MNL2,3443
SHM2,3444
REX2,3445
FRS1,3446
RPL22A,3447
BUD28,3448
BMT6,3449
PER33,3450
SND2,3451
SPC3,3452
PET309,3453
FYV7,3454
MEF1,3455
XYL2,3456
RGR1,3457
LAM6,3458
RFU1,3459
BUD20,3460
RPL10,3461
YLR076C,3462
FMP25,3463
BOS1,3464
SIC1,3465
EMP46,3466
GAL2,3467
SRL2,3468
EMP70,3469
RAX2,3470
ARP6,3471
SMC4,3472
CSF1,3473
GAA1,3474
ALT1,3475
XDJ1,3476
GEP5,3477
SUL2,3478
NYV1,3479
GIS3,3480
IOC2,3481
KIN2,3482
HRT3,3483
CHA4,3484
ICT1,3485
MIM2,3486
ERG27,3487
YLR101C,3488
APC9,3489
CDC45,3490
LCL2,3491
SEN2,3492
REA1,3493
REX3,3494
YLR108C,3495
AHP1,3496
CCW12,3497
YLR111W,3498
YLR112W,3499
HOG1,3500
AVL9,3501
CFT2,3502
MSL5,3503
CLF1,3504
TML25,3505
SRN2,3506
YPS1,3507
YPS3,3508
YLR122C,3509
YLR123C,3510
YLR124W,3511
YLR125W,3512
YLR126C,3513
APC2,3514
DCN1,3515
DIP2,3516
ZRT2,3517
ACE2,3518
USB1,3519
CKI1,3520
PDC5,3521
SLX4,3522
TIS11,3523
RKM5,3524
NHA1,3525
SLS1,3526
YLR140W,3527
RRN5,3528
PUT1,3529
DPH6,3530
ACF2,3531
RMP1,3532
SPE4,3533
SMD3,3534
PEP3,3535
YLR149C,3536
YLR149C-A,3537
STM1,3538
PCD1,3539
YLR152C,3540
ACS2,3541
RNH203,3542
ASP3-1,3543
YLR156W,3544
ASP3-2,3545
ASP3-3,3546
YLR159W,3547
ASP3-4,3548
YLR161W,3549
YLR162W,3550
MAS1,3551
SHH4,3552
PUS5,3553
SEC10,3554
RPS31,3555
UPS2,3556
YLR169W,3557
APS1,3558
YLR171W,3559
DPH5,3560
YLR173W,3561
IDP2,3562
CBF5,3563
RFX1,3564
YLR177W,3565
TFS1,3566
YLR179C,3567
SAM1,3568
VTA1,3569
SWI6,3570
TOS4,3571
YLR184W,3572
RPL37A,3573
EMG1,3574
SKG3,3575
MDL1,3576
ATG26,3577
MMR1,3578
PEX13,3579
HCR1,3580
UPS1,3581
NCW2,3582
NMT1,3583
PWP1,3584
NOP56,3585
YLR198C,3586
PBA1,3587
YKE2,3588
COQ9,3589
YLR202C,3590
MSS51,3591
QRI5,3592
HMX1,3593
ENT2,3594
HRD3,3595
SEC13,3596
PNP1,3597
CLB4,3598
ATG38,3599
TUB4,3600
CRR1,3601
FRE1,3602
CDC123,3603
CPR6,3604
YLR217W,3605
COA4,3606
MSC3,3607
CCC1,3608
RSA3,3609
UTP13,3610
IFH1,3611
UCC1,3612
YLR225C,3613
BUR2,3614
ADY4,3615
ECM22,3616
CDC42,3617
YLR230W,3618
BNA5,3619
YLR232W,3620
EST1,3621
TOP3,3622
YLR235C,3623
YLR236C,3624
THI7,3625
FAR10,3626
LIP2,3627
VPS34,3628
CSC1,3629
ARV1,3630
GPN3,3631
MAP1,3632
CDD1,3633
ERF2,3634
IRC20,3635
RCK2,3636
YEF3,3637
SSP120,3638
SYM1,3639
YLR252W,3640
MCP2,3641
NDL1,3642
YLR255C,3643
HAP1,3644
YLR257W,3645
GSY2,3646
HSP60,3647
LCB5,3648
VPS63,3649
YPT6,3650
TMA7,3651
RED1,3652
RPS28B,3653
NEJ1,3654
PDR8,3655
BOP2,3656
SEC22,3657
YLR269C,3658
DCS1,3659
CMG1,3660
YCS4,3661
PIG1,3662
MCM5,3663
SMD2,3664
DBP9,3665
YSH1,3666
YLR278C,3667
YLR279W,3668
YLR280C,3669
RSO55,3670
YLR282C,3671
YLR283W,3672
ECI1,3673
NNT1,3674
CTS1,3675
YLR287C,3676
RPS30A,3677
MEC3,3678
GUF1,3679
COQ11,3680
GCD7,3681
SEC72,3682
GSP1,3683
YLR294C,3684
ATP14,3685
YLR296W,3686
YLR297W,3687
YHC1,3688
ECM38,3689
EXG1,3690
HRI1,3691
YLR302C,3692
MET17,3693
ACO1,3694
STT4,3695
UBC12,3696
CDA1,3697
CDA2,3698
IMH1,3699
CDC25,3700
YLR311C,3701
ATG39,3702
MRPL15,3703
SPH1,3704
CDC3,3705
NKP2,3706
TAD3,3707
YLR317W,3708
EST2,3709
BUD6,3710
MMS22,3711
SFH1,3712
VPS65,3713
CWC24,3714
PEX30,3715
RPL38,3716
YLR326W,3717
TMA10,3718
NMA1,3719
REC102,3720
CHS5,3721
JIP3,3722
MID2,3723
RPS25B,3724
YLR334C,3725
NUP2,3726
SGD1,3727
VRP1,3728
YLR338W,3729
YLR339C,3730
RPP0,3731
SPO77,3732
FKS1,3733
GAS2,3734
RPL26A,3735
YLR345W,3736
CIS1,3737
KAP95,3738
DIC1,3739
YLR349W,3740
ORM2,3741
NIT3,3742
LUG1,3743
BUD8,3744
TAL1,3745
ILV5,3746
ATG33,3747
RSC2,3748
YLR358C,3749
ADE13,3750
VPS38,3751
DCR2,3752
STE11,3753
NMD4,3754
YLR363W-A,3755
GRX8,3756
YLR365W,3757
YLR366W,3758
RPS22B,3759
MDM30,3760
SSQ1,3761
ARC18,3762
ROM2,3763
ELO3,3764
VID22,3765
YLR374C,3766
STP3,3767
PSY3,3768
FBP1,3769
SEC61,3770
YLR379W,3771
CSR1,3772
CTF3,3773
NAM2,3774
SMC6,3775
IKI3,3776
SWC7,3777
VAC14,3778
REH1,3779
RPS29A,3780
STE23,3781
CCW14,3782
ART10,3783
ATP10,3784
CST9,3785
COX8,3786
VPS33,3787
AFG2,3788
SKI2,3789
BDF1,3790
YLR400W,3791
DUS3,3792
YLR402W,3793
SFP1,3794
SEI1,3795
DUS4,3796
RPL31B,3797
YLR407W,3798
BLS1,3799
UTP21,3800
VIP1,3801
CTR3,3802
BER1,3803
INA1,3804
PUN1,3805
YLR415C,3806
YLR416C,3807
VPS36,3808
CDC73,3809
YLR419W,3810
URA4,3811
RPN13,3812
DCK1,3813
ATG17,3814
SPP382,3815
TUS1,3816
TDA5,3817
MAG2,3818
YLR428C,3819
CRN1,3820
SEN1,3821
ATG23,3822
IMD3,3823
CNA1,3824
TSR2,3825
ECM30,3826
DIF1,3827
CAR2,3828
LSM3,3829
MRPL4,3830
SEC39,3831
RPS1A,3832
SIR3,3833
ECM7,3834
YLR444C,3835
GMC2,3836
YLR446W,3837
VMA6,3838
RPL6B,3839
FPR4,3840
HMG2,3841
LEU3,3842
SST2,3843
RIF2,3844
FMP27,3845
PDP3,3846
YLR456W,3847
NBP1,3848
YLR458W,3849
GAB1,3850
YLR460C,3851
PAU4,3852
YLR462W,3853
YLR463C,3854
YLR464W,3855
YLR465C,3856
YRF1-4,3857
YRF1-5,3858
YML133C,3859
COS3,3860
YML131W,3861
ERO1,3862
COX14,3863
MSC1,3864
RSC9,3865
ERG13,3866
PGA3,3867
TUB3,3868
PHO84,3869
YML122C,3870
GTR1,3871
NDI1,3872
YML119W,3873
NGL3,3874
NAB6,3875
YML116W-A,3876
ATR1,3877
VAN1,3878
TAF8,3879
DAT1,3880
CTK3,3881
BUL2,3882
COQ5,3883
ZDS2,3884
YML108W,3885
PML39,3886
URA5,3887
SEC65,3888
MDM1,3889
NUP188,3890
CAC2,3891
YML101C-A,3892
CUE4,3893
TSL1,3894
YML099W-A,3895
ARG81,3896
TAF13,3897
VPS9,3898
YML096W,3899
RAD10,3900
YML094C-A,3901
GIM5,3902
UTP14,3903
PRE8,3904
RPM2,3905
YML090W,3906
YML089C,3907
UFO1,3908
AIM33,3909
ALO1,3910
TUB1,3911
YML084W,3912
YML083C,3913
YML082W,3914
ATP18,3915
TDA9,3916
DUS1,3917
YML079W,3918
CPR3,3919
BET5,3920
WAR1,3921
HMG1,3922
FPR3,3923
RPL6A,3924
TCB3,3925
COG8,3926
DAK1,3927
POB3,3928
ITT1,3929
ERV41,3930
SMA2,3931
ORC1,3932
TEM1,3933
RPS1B,3934
MFT1,3935
PIF1,3936
OGG1,3937
NTE1,3938
HUG1,3939
SML1,3940
YML057C-A,3941
CMP2,3942
IMD4,3943
SPC2,3944
CYB2,3945
YML053C,3946
SUR7,3947
GAL80,3948
AIM32,3949
RSE1,3950
GSF2,3951
YML047W-A,3952
PRM6,3953
PRP39,3954
RRN11,3955
CAT2,3956
VPS71,3957
YMD8,3958
YML037C,3959
CGI121,3960
AMD1,3961
YML034C-A,3962
SRC1,3963
RAD52,3964
NDC1,3965
RCF1,3966
USA1,3967
TSA1,3968
YOX1,3969
RPS18B,3970
YML6,3971
RPS17A,3972
NSE5,3973
APT1,3974
UNG1,3975
YML020W,3976
OST6,3977
YML018C,3978
PSP2,3979
PPZ1,3980
TAF11,3981
TRM9,3982
UBX2,3983
YML012C-A,3984
ERV25,3985
RAD33,3986
SPT5,3987
YML009W-B,3988
YML009C-A,3989
MRPL39,3990
ERG6,3991
MIN4,3992
YAP1,3993
GIS4,3994
TRM12,3995
GLO1,3996
YML003W,3997
YML002W,3998
YPT7,3999
CDC5,4000
MIX17,4001
AIM34,4002
MVP1,4003
TAF4,4004
PLB2,4005
YMR007W,4006
PLB1,4007
ADI1,4008
ANY1,4009
HXT2,4010
CLU1,4011
SEC59,4012
YMR013W-A,4013
BUD22,4014
ERG5,4015
SOK2,4016
SPO20,4017
PEX9,4018
STB4,4019
FMS1,4020
MAC1,4021
UBC7,4022
MSS1,4023
MRPL3,4024
CSI1,4025
PEX12,4026
YMR027W,4027
TAP42,4028
FAR8,4029
RSF1,4030
EIS1,4031
YMR031W-A,4032
HOF1,4033
ARP9,4034
RCH1,4035
IMP2,4036
MIH1,4037
MSN2,4038
CCS1,4039
SUB1,4040
YET2,4041
ARA2,4042
ARG80,4043
MCM1,4044
IOC4,4045
YMR046W-A,4046
NUP116,4047
CSM3,4048
ERB1,4049
FAR3,4050
YMR052C-A,4051
STB2,4052
STV1,4053
BUB2,4054
AAC1,4055
YMR057C,4056
FET3,4057
SEN15,4058
SAM37,4059
RNA14,4060
ARG7,4061
RIM9,4062
AEP1,4063
KAR5,4064
SOV1,4065
UBX4,4066
AVO2,4067
NAT4,4068
MOT3,4069
TVP18,4070
ABF2,4071
IRC21,4072
SDD2,4073
RCO1,4074
YMR075C-A,4075
PDS5,4076
VPS20,4077
CTF18,4078
SEC14,4079
NAM7,4080
ISF1,4081
YMR082C,4082
ADH3,4083
YMR084W,4084
YMR085W,4085
SEG1,4086
YMR086C-A,4087
PDL32,4088
VBA1,4089
YTA12,4090
YMR090W,4091
NPL6,4092
AIP1,4093
UTP15,4094
CTF13,4095
SNO1,4096
SNZ1,4097
MTG1,4098
ATP25,4099
YMR099C,4100
MUB1,4101
SRT1,4102
YMR102C,4103
YMR103C,4104
YPK2,4105
PGM2,4106
YKU80,4107
SPG4,4108
ILV2,4109
MYO5,4110
HFD1,4111
YMR111C,4112
MED11,4113
FOL3,4114
YMR114C,4115
MGR3,4116
ASC1,4117
SPC24,4118
SHH3,4119
ASI1,4120
YMR119W-A,4121
ADE17,4122
RPL15B,4123
YMR122C,4124
NCW1,4125
PKR1,4126
EPO1,4127
STO1,4128
DLT1,4129
SAS2,4130
ECM16,4131
POM152,4132
DPI35,4133
RRB1,4134
JLP2,4135
REC114,4136
ERG29,4137
GID8,4138
YMR135W-A,4139
GAT2,4140
PSO2,4141
CIN4,4142
RIM11,4143
SIP5,4144
YMR141C,4145
RPL13B,4146
RPS16A,4147
FDO1,4148
NDE1,4149
TIF34,4150
LDO45,4151
LDO16,4152
SWP1,4153
IMP1,4154
YIM2,4155
YIM1,4156
NUP53,4157
YMR153C-A,4158
RIM13,4159
YMR155W,4160
TPP1,4161
AIM36,4162
MRPS8,4163
YMR158C-A,4164
YMR158W-B,4165
ATG16,4166
YMR160W,4167
HLJ1,4168
DNF3,4169
INP2,4170
MSS11,4171
PAH1,4172
MME1,4173
MLH1,4174
CEP3,4175
ALD3,4176
ALD2,4177
EAR1,4178
HOT1,4179
YMR172C-A,4180
DDR48,4181
YMR173W-A,4182
PAI3,4183
SIP18,4184
ECM5,4185
MMT1,4186
FPY1,4187
SPT21,4188
CTL1,4189
YMR181C,4190
RGM1,4191
SSO2,4192
ADD37,4193
RTP1,4194
HSC82,4195
YMR187C,4196
MRPS17,4197
GCV2,4198
SGS1,4199
SPG5,4200
GYL1,4201
MRPL24,4202
YMR193C-A,4203
RPL36A,4204
YMR194C-A,4205
ICY1,4206
YMR196W,4207
VTI1,4208
CIK1,4209
CLN1,4210
ROT1,4211
RAD14,4212
ERG2,4213
TOM40,4214
INP1,4215
PFK2,4216
YMR206W,4217
HFA1,4218
ERG12,4219
YMR209C,4220
MGL2,4221
DML1,4222
EFR3,4223
CEF1,4224
SCJ1,4225
GAS3,4226
SKY1,4227
GUA1,4228
TRS130,4229
ESC1,4230
ERG8,4231
FMP42,4232
FSH2,4233
UBP8,4234
MRE11,4235
MRPL44,4236
YMR226C,4237
TAF7,4238
MTF1,4239
RRP5,4240
RPS10B,4241
PEP5,4242
FUS2,4243
TRI1,4244
RNH1,4245
RNA1,4246
TAF9,4247
BCH1,4248
DFG5,4249
RNT1,4250
CUS1,4251
YHM2,4252
RPL20A,4253
ZRC1,4254
YMR244W,4255
COA6,4256
YMR245W,4257
FAA4,4258
RKR1,4259
GAD1,4260
GTO3,4261
HOR7,4262
MLO1,4263
YMR253C,4264
YMR254C,4265
GFD1,4266
COX7,4267
PET111,4268
ROY1,4269
TRM732,4270
TIF11,4271
TPS3,4272
YMR262W,4273
SAP30,4274
CUE1,4275
YMR265C,4276
RSN1,4277
PPA2,4278
PRP24,4279
TMA23,4280
RRN9,4281
URA10,4282
SCS7,4283
ZDS1,4284
RCE1,4285
BUL1,4286
DSK2,4287
FCP1,4288
PRM15,4289
YMR279C,4290
CAT8,4291
GPI12,4292
AEP2,4293
RIT1,4294
YKU70,4295
NGL2,4296
MRPL33,4297
DSS1,4298
HSH155,4299
ABZ2,4300
HAS1,4301
YMR290W-A,4302
TDA1,4303
GOT1,4304
HER2,4305
JNM1,4306
YMR294W-A,4307
YMR295C,4308
LCB1,4309
PRC1,4310
LIP1,4311
DYN3,4312
ADE4,4313
ATM1,4314
YME2,4315
ADH2,4316
UBP15,4317
YMR304C-A,4318
SCW10,4319
FKS3,4320
YMR306C-A,4321
GAS1,4322
PSE1,4323
NIP1,4324
YMR310C,4325
GLC8,4326
ELP6,4327
TGL3,4328
PRE5,4329
YMR315W,4330
DIA1,4331
YMR316C-A,4332
YMR316C-B,4333
YMR317W,4334
ADH6,4335
FET4,4336
YMR320W,4337
YMR321C,4338
SNO4,4339
ERR3,4340
YMR324C,4341
PAU19,4342
YRF1-6,4343
YNL338W,4344
YNL337W,4345
COS1,4346
DDI3,4347
SNO2,4348
SNZ2,4349
THI12,4350
AAD14,4351
RPD3,4352
PEX6,4353
MDJ2,4354
EGT2,4355
PFA3,4356
FIG4,4357
YNL324W,4358
LEM3,4359
KRE1,4360
VNX1,4361
YNL320W,4362
YNL319W,4363
HXT14,4364
PFS2,4365
PHA2,4366
ATP11,4367
DAL82,4368
EMW1,4369
RFA2,4370
SKP2,4371
ZIM17,4372
STB1,4373
KRI1,4374
MCK1,4375
MRPS18,4376
BXI1,4377
YPT11,4378
YNL303W,4379
RPS19B,4380
RPL18B,4381
TOS6,4382
TRF5,4383
CLA4,4384
MON2,4385
YNL296W,4386
MRX6,4387
RIM21,4388
MSB3,4389
PUS4,4390
MID1,4391
RFC3,4392
PCL1,4393
CAF40,4394
SEC21,4395
CUS2,4396
YNL285W,4397
MRPL10,4398
WSC2,4399
POP3,4400
HCH1,4401
ERG24,4402
PRM1,4403
CAF120,4404
MET2,4405
YNL276C,4406
BOR1,4407
GOR1,4408
TOF1,4409
SEC2,4410
BNI1,4411
ALP1,4412
BSC4,4413
LYP1,4414
PIK1,4415
YNL266W,4416
IST1,4417
PDR17,4418
YIF1,4419
POL2,4420
ORC5,4421
LTO1,4422
ATX1,4423
DSL1,4424
SIP3,4425
FOL1,4426
GIS2,4427
RTC4,4428
TEX1,4429
MRPL17,4430
NRD1,4431
RAD50,4432
MPA43,4433
RPA49,4434
YNL247W,4435
VPS75,4436
CWC25,4437
SUI1,4438
SLA2,4439
ATG2,4440
ZWF1,4441
NAR1,4442
LAP3,4443
KEX2,4444
YTP1,4445
SIN4,4446
YNL235C,4447
YNL234W,4448
BNI4,4449
CSL4,4450
PDR16,4451
ELA1,4452
URE2,4453
YNL228W,4454
JJJ1,4455
YNL226W,4456
CNM67,4457
SQS1,4458
ATG4,4459
SSU72,4460
POP1,4461
ADE12,4462
ALG9,4463
MGS1,4464
PPN2,4465
RAP1,4466
IES2,4467
PEX17,4468
RRG9,4469
VID27,4470
MRX7,4471
MER1,4472
SSB2,4473
YNL208W,4474
RIO2,4475
RTT106,4476
YNL205C,4477
SPS18,4478
YNL203C,4479
SPS19,4480
PSY2,4481
NNR1,4482
GCR2,4483
YNL198C,4484
WHI3,4485
SLZ1,4486
YNL195C,4487
YNL194C,4488
YNL193W,4489
CHS1,4490
DUG3,4491
YNL190W,4492
SRP1,4493
KAR1,4494
SWT21,4495
UBP10,4496
MRPL19,4497
YNL184C,4498
NPR1,4499
IPI3,4500
PBR1,4501
RHO5,4502
YNL179C,4503
RPS3,4504
MRPL22,4505
TDA7,4506
NOP13,4507
YNL174W,4508
MDG1,4509
APC1,4510
YNL171C,4511
YNL170W,4512
PSD1,4513
FMP41,4514
SKO1,4515
BNI5,4516
YNL165W,4517
IBD2,4518
RIA1,4519
YNL162W-A,4520
RPL42A,4521
CBK1,4522
YGP1,4523
ASI2,4524
PGA1,4525
IGO1,4526
NSG2,4527
CUZ1,4528
YCK2,4529
GIM3,4530
INN1,4531
RPC31,4532
YNL150W,4533
PGA2,4534
ALF1,4535
LSM7,4536
YNL146W,4537
MFA2,4538
YNL144C,4539
YNL143C,4540
MEP2,4541
AAH1,4542
YNL140C,4543
THO2,4544
SRV2,4545
NAM9,4546
EAF7,4547
FPR1,4548
YNL134C,4549
FYV6,4550
KRE33,4551
TOM22,4552
CPT1,4553
NRK1,4554
TEP1,4555
FAR11,4556
SPC98,4557
ESBP6,4558
NAF1,4559
NMA111,4560
YNL122C,4561
TOM70,4562
YNL120C,4563
NCS2,4564
DCP2,4565
MLS1,4566
DMA2,4567
YNL115C,4568
YNL114C,4569
RPC19,4570
DBP2,4571
CYB5,4572
NOP15,4573
YNL109W,4574
YNL108C,4575
YAF9,4576
INP52,4577
YNL105W,4578
LEU4,4579
MET4,4580
POL1,4581
AVT4,4582
MIC27,4583
OCA1,4584
RAS2,4585
PHO23,4586
RPS7B,4587
YNL095C,4588
APP1,4589
YPT53,4590
YNL092W,4591
NST1,4592
RHO2,4593
YNL089C,4594
TOP2,4595
TCB2,4596
SNN1,4597
MKT1,4598
END3,4599
SAL1,4600
PMS1,4601
SWS2,4602
EOS1,4603
TPM1,4604
NIS1,4605
APJ1,4606
MKS1,4607
IMP4,4608
MLF3,4609
MSK1,4610
RNH201,4611
LAT1,4612
TOM7,4613
RPL16B,4614
FKH2,4615
YNL067W-A,4616
RPL9B,4617
SUN4,4618
AQR1,4619
YDJ1,4620
MTQ1,4621
GCD10,4622
NOP2,4623
ARP5,4624
YNL058C,4625
YNL057W,4626
OCA2,4627
POR1,4628
VAC7,4629
MSG5,4630
COX5A,4631
COG5,4632
YNL050C,4633
SFB2,4634
ALG11,4635
SLM2,4636
YNL046W,4637
LAP2,4638
YIP3,4639
YNL043C,4640
BOP3,4641
COG6,4642
YNL040W,4643
BDP1,4644
GPI15,4645
IDH1,4646
NCE103,4647
YNL035C,4648
YNL034W,4649
YNL033W,4650
SIW14,4651
HHT2,4652
HHF2,4653
KTR5,4654
YNL028W,4655
CRZ1,4656
SAM50,4657
SSN8,4658
EFM6,4659
FAP1,4660
RCM1,4661
HDA1,4662
ARK1,4663
YNL019C,4664
YNL018C,4665
YNL017C,4666
PUB1,4667
PBI2,4668
HEF3,4669
YNL013C,4670
SPO1,4671
YNL011C,4672
PYP1,4673
IDP3,4674
ASI3,4675
SIS1,4676
LST8,4677
MRP7,4678
HRB1,4679
PET8,4680
RLP7,4681
DOM34,4682
CIT1,4683
YNR001W-A,4684
ATO2,4685
RPC34,4686
SWM2,4687
YNR005C,4688
VPS27,4689
ATG3,4690
LRO1,4691
NRM1,4692
CSE2,4693
PRP2,4694
URK1,4695
PHO91,4696
YNR014W,4697
SMM1,4698
ACC1,4699
TIM23,4700
RCF2,4701
ARE2,4702
ATP23,4703
YNR021W,4704
MRPL50,4705
SNF12,4706
MPP6,4707
YNR025C,4708
SEC12,4709
BUD17,4710
CPR8,4711
YNR029C,4712
ALG12,4713
SSK2,4714
PPG1,4715
HUB1,4716
ABZ1,4717
SOL1,4718
EGO4,4719
ARC35,4720
MRPS12,4721
RSM19,4722
DBP6,4723
ZRG17,4724
DPI29,4725
COQ2,4726
YNR042W,4727
MVD1,4728
AGA1,4729
PET494,4730
TRM112,4731
FPK1,4732
YNR048W,4733
MSO1,4734
LYS9,4735
BRE5,4736
POP2,4737
NOG2,4738
ESF2,4739
HOL1,4740
BIO5,4741
BIO4,4742
BIO3,4743
MNT4,4744
FRE4,4745
YNR061C,4746
PUL3,4747
PUL4,4748
YNR064C,4749
YNR065C,4750
YNR066C,4751
DSE4,4752
YNR068C,4753
BSC5,4754
PDR18,4755
YNR071C,4756
HXT17,4757
MAN2,4758
AIF1,4759
COS10,4760
PAU6,4761
YNR077C,4762
YOL166C,4763
AAD15,4764
BDS1,4765
YOL163W,4766
YOL162W,4767
PAU20,4768
YOL160W,4769
YOL159C-A,4770
CSS3,4771
ENB1,4772
IMA2,4773
HXT11,4774
HPF1,4775
ZPS1,4776
YOL153C,4777
FRE7,4778
GRE2,4779
YOL150C,4780
DCP1,4781
SPT20,4782
PEX11,4783
PSF3,4784
CTR9,4785
NOP8,4786
RIB4,4787
RRP40,4788
PPM2,4789
ARG8,4790
CDC33,4791
RTC1,4792
BSC6,4793
PFK27,4794
MED7,4795
YOL134C,4796
HRT1,4797
GAS4,4798
YOL131W,4799
ALR1,4800
VPS68,4801
YGK3,4802
RPL25,4803
MDH2,4804
TRM13,4805
TRM11,4806
HRP1,4807
SMF1,4808
RPS19A,4809
RPL18A,4810
MCH4,4811
YOL118C,4812
RRI2,4813
MSN1,4814
PAP2,4815
PTH4,4816
SKM1,4817
MSB4,4818
MDY2,4819
SHR5,4820
ZEO1,4821
INO4,4822
YOL107W,4823
YOL106W,4824
WSC3,4825
NDJ1,4826
ITR2,4827
TPT1,4828
IZH4,4829
PKH2,4830
YOL099C,4831
SDD3,4832
WRS1,4833
COQ3,4834
HMI1,4835
RFC4,4836
TRM10,4837
YPQ1,4838
SPO21,4839
MSH2,4840
HAL9,4841
MPD2,4842
DUF1,4843
MHF1,4844
ADH1,4845
YOL085C,4846
PHM7,4847
ATG34,4848
ATG19,4849
IRA2,4850
REX4,4851
YOL079W,4852
AVO1,4853
ATP19,4854
BRX1,4855
MDM20,4856
YOL075C,4857
DSC2,4858
THP1,4859
SDH5,4860
NBA1,4861
NUF2,4862
HST1,4863
RTG1,4864
RIB2,4865
INP54,4866
MET22,4867
CRT10,4868
APM4,4869
PRS5,4870
MAM3,4871
GPD2,4872
ARG1,4873
YOL057W,4874
GPM3,4875
THI20,4876
PSH1,4877
AIM39,4878
DDR2,4879
SPE2,4880
GAL11,4881
YOL050C,4882
GSH2,4883
RRT8,4884
LDS2,4885
YOL046C,4886
PSK2,4887
PEX15,4888
NTG2,4889
NGL1,4890
NOP12,4891
RPS15,4892
RPP2A,4893
PRE6,4894
YOL037C,4895
YOL036W,4896
YOL035C,4897
SMC5,4898
MSE1,4899
OPI10,4900
SIL1,4901
GAS5,4902
YOL029C,4903
YAP7,4904
MDM38,4905
MIM1,4906
LAG2,4907
YOL024W,4908
IFM1,4909
TSR4,4910
DIS3,4911
TAT2,4912
YOL019W,4913
TLG2,4914
ESC8,4915
CMK2,4916
IRC10,4917
YOL014W,4918
YOL013W-A,4919
HRD1,4920
HTZ1,4921
PLB3,4922
RCL1,4923
MDM12,4924
COQ10,4925
CSI2,4926
TOP1,4927
RPB11,4928
SIN3,4929
PFA4,4930
IZH2,4931
PHO80,4932
RRP6,4933
ALG6,4934
YSP3,4935
UTP23,4936
DNL4,4937
TSR3,4938
SGT2,4939
SLG1,4940
YOR008C-A,4941
YOR008W-B,4942
TIR4,4943
TIR2,4944
AUS1,4945
YOR012W,4946
YOR013W,4947
RTS1,4948
YOR015W,4949
ERP4,4950
PET127,4951
ROD1,4952
YOR019W,4953
HSP10,4954
SFM1,4955
DDL1,4956
AHC1,4957
YOR024W,4958
HST3,4959
BUB3,4960
STI1,4961
CIN5,4962
YOR029W,4963
DFG16,4964
CRS5,4965
HMS1,4966
EXO1,4967
AKR2,4968
SHE4,4969
PEP12,4970
CYC2,4971
HIR2,4972
CKB2,4973
GLO4,4974
YOR041C,4975
CUE5,4976
WHI2,4977
IRC23,4978
TOM6,4979
DBP5,4980
STD1,4981
RAT1,4982
RSB1,4983
YOR050C,4984
ETT1,4985
TMC1,4986
YOR053W,4987
VHS3,4988
YOR055W,4989
NOB1,4990
SGT1,4991
ASE1,4992
LPL1,4993
SLD7,4994
CKA2,4995
YOR062C,4996
RPL3,4997
YNG1,4998
CYT1,4999
MSA1,5000
ALG8,5001
VPS5,5002
VAM10,5003
GYP1,5004
NRT1,5005
YOR072W,5006
SGO1,5007
CDC21,5008
UFE1,5009
SKI7,5010
RTS2,5011
BUD21,5012
ATX2,5013
DIA2,5014
TGL5,5015
YOR082C,5016
WHI5,5017
LPX1,5018
OST3,5019
TCB1,5020
YVC1,5021
VPS21,5022
PTC5,5023
TMA46,5024
ECM3,5025
CMR2,5026
ARF3,5027
RKI1,5028
RPS7A,5029
YOR097C,5030
NUP1,5031
KTR1,5032
CRC1,5033
RAS1,5034
YOR102W,5035
OST2,5036
PIN2,5037
YOR105W,5038
VAM3,5039
RGS2,5040
LEU9,5041
INP53,5042
TFC7,5043
YOR111W,5044
CEX1,5045
AZF1,5046
DPI34,5047
TRS33,5048
RPO31,5049
RPT5,5050
RTC5,5051
RIO1,5052
GCY1,5053
YOR121C,5054
PFY1,5055
LEO1,5056
UBP2,5057
CAT5,5058
IAH1,5059
RGA1,5060
ADE2,5061
AFI1,5062
ORT1,5063
YOR131C,5064
VPS17,5065
EFT1,5066
BAG7,5067
YOR135C,5068
IDH2,5069
SIA1,5070
RUP1,5071
YOR139C,5072
SFL1,5073
ARP8,5074
LSC1,5075
THI80,5076
ELG1,5077
PNO1,5078
YOR146W,5079
MDM32,5080
SPP2,5081
SMP3,5082
MRPL23,5083
RPB2,5084
ATG40,5085
PDR5,5086
SLP1,5087
ISN1,5088
NFI1,5089
PUP1,5090
PET123,5091
SME1,5092
MTR10,5093
PNS1,5094
YRR1,5095
DDP1,5096
GET4,5097
SEY1,5098
SWT1,5099
RPS28A,5100
GLN4,5101
YOR169C,5102
YOR170W,5103
LCB4,5104
YRM1,5105
DCS2,5106
MED4,5107
ALE1,5108
HEM15,5109
MPC54,5110
GAC1,5111
SYC1,5112
DCI1,5113
LAS17,5114
RPS30B,5115
FYV12,5116
SER1,5117
GSP2,5118
YOR186W,5119
TUF1,5120
MSB1,5121
IES4,5122
SPR1,5123
ULS1,5124
THI72,5125
PEX27,5126
TOA1,5127
SLK19,5128
LIP5,5129
MCA1,5130
BFR1,5131
YOR199W,5132
YOR200W,5133
MRM1,5134
HIS3,5135
YOR203W,5136
DED1,5137
GEP3,5138
NOC2,5139
RET1,5140
PTP2,5141
NPT1,5142
RPB10,5143
MGM1,5144
STE4,5145
SAS5,5146
SPR2,5147
AIM41,5148
RUD3,5149
RFC1,5150
YOR218C,5151
STE13,5152
RCN2,5153
MCT1,5154
ODC2,5155
DSC3,5156
RPB8,5157
YOR225W,5158
ISU2,5159
HER1,5160
MCP1,5161
WTM2,5162
WTM1,5163
MKK1,5164
MGE1,5165
KIN4,5166
RPL33B,5167
IRC13,5168
DFR1,5169
HES1,5170
YOR238W,5171
ABP140,5172
MET7,5173
SSP2,5174
PUS7,5175
ESA1,5176
DGA1,5177
ENV9,5178
SRL1,5179
YOR248W,5180
APC5,5181
CLP1,5182
TUM1,5183
TMA16,5184
NAT5,5185
SEC63,5186
OSW1,5187
TRE2,5188
CDC31,5189
HNT3,5190
RPT4,5191
GCD1,5192
RPN8,5193
GPN2,5194
YOR263C,5195
DSE3,5196
RBL2,5197
PNT1,5198
HRK1,5199
YOR268C,5200
PAC1,5201
VPH1,5202
FSF1,5203
YTM1,5204
TPO4,5205
MOD5,5206
RIM20,5207
CAF20,5208
YOR277C,5209
HEM4,5210
RFM1,5211
FSH3,5212
PLP2,5213
YOR282W,5214
YOR283W,5215
HUA2,5216
RDL1,5217
RDL2,5218
RRP36,5219
MPD1,5220
YOR289W,5221
SNF2,5222
YPK9,5223
YOR292C,5224
RPS10A,5225
RRS1,5226
UAF30,5227
YOR296W,5228
TIM18,5229
MUM3,5230
MBF1,5231
BUD7,5232
YOR300W,5233
RAX1,5234
YOR302W,5235
CPA1,5236
ISW2,5237
BIL1,5238
RRG7,5239
MCH5,5240
SLY41,5241
SNU66,5242
YOR309C,5243
NOP58,5244
DGK1,5245
RPL20B,5246
SPS4,5247
YOR314W,5248
YOR314W-A,5249
SFG1,5250
COT1,5251
FAA1,5252
YOR318C,5253
HSH49,5254
GNT1,5255
PMT3,5256
LDB19,5257
PRO2,5258
FRT1,5259
YOR325W,5260
MYO2,5261
SNC2,5262
PDR10,5263
SCD5,5264
MIP1,5265
YOR331C,5266
VMA4,5267
YOR333C,5268
MRS2,5269
ALA1,5270
KRE5,5271
TEA1,5272
YOR338W,5273
UBC11,5274
RPA43,5275
RPA190,5276
YOR342C,5277
YOR343C,5278
TYE7,5279
YOR345C,5280
REV1,5281
PYK2,5282
PUT4,5283
CIN1,5284
MNE1,5285
MEK1,5286
TFB6,5287
SOG2,5288
MSC6,5289
GDS1,5290
CIR2,5291
SNX3,5292
HAP5,5293
VTS1,5294
PDE2,5295
PRT1,5296
PRE10,5297
PIP2,5298
YOR364W,5299
YOR365C,5300
YOR366W,5301
SCP1,5302
RAD17,5303
RPS12,5304
MRS6,5305
GPB1,5306
NDD1,5307
NUD1,5308
ALD4,5309
GDH1,5310
YOR376W,5311
ATF1,5312
AMF1,5313
YOR379C,5314
RDR1,5315
FRE3,5316
FIT2,5317
FIT3,5318
FRE5,5319
YOR385W,5320
PHR1,5321
YOR387C,5322
FDH1,5323
YOR389W,5324
FEX1,5325
HSP33,5326
YOR392W,5327
ERR1,5328
PAU21,5329
YRF1-7,5330
PAU22,5331
ERR2,5332
HSP32,5333
FEX2,5334
YPL278C,5335
YPL277C,5336
SAM3,5337
SAM4,5338
PBI1,5339
ATP15,5340
MDL2,5341
KAR9,5342
PLC1,5343
ACM1,5344
DIM1,5345
DIP5,5346
YPL264C,5347
KEL3,5348
FUM1,5349
YPL261C,5350
CUB1,5351
APM1,5352
THI21,5353
YPL257W,5354
CLN2,5355
BBP1,5356
HFI1,5357
VIK1,5358
YAH1,5359
YPL251W,5360
ATG41,5361
RPL36B,5362
GYP5,5363
GAL4,5364
YPL247C,5365
RBD2,5366
YPL245W,5367
HUT1,5368
SRP68,5369
IQG1,5370
CIN2,5371
HSP82,5372
YAR1,5373
YPL238C,5374
SUI3,5375
ENV7,5376
RVB2,5377
VMA11,5378
NSL1,5379
SSO1,5380
FAS2,5381
USV1,5382
YPL229W,5383
CET1,5384
ALG5,5385
NEW1,5386
YPL225W,5387
MMT2,5388
GRE1,5389
FMP40,5390
FLC1,5391
RPL1A,5392
PCL8,5393
SAR1,5394
BMS1,5395
YPL216W,5396
CBP3,5397
THI6,5398
LEA1,5399
PUS1,5400
NIP7,5401
SRP72,5402
IPL1,5403
RKM1,5404
TYW1,5405
PGC1,5406
YPL205C,5407
HRR25,5408
TPK2,5409
AFT2,5410
YIG1,5411
CSM4,5412
YPL199C,5413
RPL7B,5414
YPL197C,5415
OXR1,5416
APL5,5417
DDC1,5418
RSA1,5419
PRM3,5420
YPL191C,5421
NAB3,5422
GUP2,5423
POS5,5424
MF(ALPHA)1,5425
UIP4,5426
YPL185W,5427
MRN1,5428
RTC6,5429
RTT10,5430
YPL182C,5431
CTI6,5432
TCO89,5433
PPQ1,5434
CBC2,5435
CUP9,5436
TRE1,5437
SPT14,5438
NIP100,5439
MRPL40,5440
COX10,5441
OYE3,5442
DAP1,5443
MEX67,5444
MRX4,5445
REV3,5446
ATG29,5447
SET6,5448
MLH3,5449
SVS1,5450
YPL162C,5451
BEM4,5452
CDC60,5453
PET20,5454
AIM44,5455
TGS1,5456
PRM4,5457
KIP2,5458
PEP4,5459
RAD53,5460
RRD2,5461
PRP46,5462
YPL150W,5463
ATG5,5464
PPT2,5465
PXA1,5466
NOP53,5467
KES1,5468
POC4,5469
RPL33A,5470
YPL142C,5471
FRK1,5472
MKK2,5473
UME1,5474
SPP1,5475
GIP3,5476
YPL136W,5477
ISU1,5478
ODC1,5479
RDS2,5480
COX11,5481
RPL5,5482
SPO19,5483
TAF14,5484
TBF1,5485
HHO1,5486
NAN1,5487
KAP120,5488
SPC29,5489
RNY1,5490
TFB2,5491
MEI5,5492
VPS30,5493
DBP1,5494
MRP51,5495
IDI1,5496
HOS3,5497
BEM3,5498
YPL114W,5499
YPL113C,5500
PEX25,5501
CAR1,5502
GDE1,5503
MCO76,5504
YPL108W,5505
DPC25,5506
SSE1,5507
SYH1,5508
MSD1,5509
FMP30,5510
YPL102C,5511
ELP4,5512
ATG21,5513
INA17,5514
MGR2,5515
MSY1,5516
PNG1,5517
EEB1,5518
SEC62,5519
NOG1,5520
SSU1,5521
GLR1,5522
RPS6A,5523
RLM1,5524
YPL088W,5525
YDC1,5526
ELP3,5527
SEC16,5528
BRO1,5529
SEN54,5530
MOT1,5531
RPS9A,5532
YPL080C,5533
RPL21B,5534
ATP4,5535
YPL077C,5536
GPI2,5537
GCR1,5538
YTA6,5539
YPL073C,5540
UBP16,5541
YPL071C,5542
MUK1,5543
BTS1,5544
YPL068C,5545
HTC1,5546
RGL1,5547
VPS28,5548
CWC27,5549
TIM50,5550
YPL062W,5551
ALD6,5552
MFM1,5553
GRX5,5554
PDR12,5555
SUR1,5556
LCL1,5557
LGE1,5558
LEE1,5559
KTR6,5560
OAZ1,5561
ARL3,5562
MNN9,5563
DIG1,5564
CAM1,5565
SGF11,5566
ELC1,5567
VPS16,5568
YPL044C,5569
NOP4,5570
SSN3,5571
MRX11,5572
ISM1,5573
YPL039W,5574
MET31,5575
EGD1,5576
PMA2,5577
YPL035C,5578
YPL034W,5579
SRL4,5580
SVL3,5581
PHO85,5582
TRM44,5583
SUV3,5584
ERG10,5585
SMA1,5586
SKS1,5587
YPL025C,5588
RMI1,5589
MET12,5590
RAD1,5591
ECM23,5592
ULP1,5593
VTC3,5594
CTF19,5595
IRC15,5596
SWI1,5597
HST2,5598
CIP1,5599
MRPS16,5600
RRP12,5601
TAF3,5602
RET3,5603
RQC2,5604
CHL1,5605
TFC8,5606
NCR1,5607
AEP3,5608
LSP1,5609
ULA1,5610
SNF8,5611
HAT1,5612
CIT3,5613
PDH1,5614
YPR002C-A,5615
YPR003C,5616
AIM45,5617
HAL1,5618
ICL2,5619
REC8,5620
HAA1,5621
SUT2,5622
RPA135,5623
YPR011C,5624
YPR012W,5625
CMR3,5626
YPR014C,5627
YPR015C,5628
TIF6,5629
YPR016W-A,5630
DSS4,5631
RLF2,5632
MCM4,5633
ATP20,5634
AGC1,5635
SDD4,5636
EAF3,5637
YME1,5638
CCL1,5639
ATH1,5640
YPR027C,5641
YOP1,5642
APL4,5643
CSR2,5644
NTO1,5645
SRO7,5646
HTS1,5647
ARP7,5648
GLN1,5649
VMA13,5650
ERV2,5651
YPR038W,5652
YPR039W,5653
TIP41,5654
TIF5,5655
PUF2,5656
RPL43A,5657
YPR044C,5658
THP3,5659
MCM16,5660
MSF1,5661
TAH18,5662
ATG11,5663
YPR050C,5664
MAK3,5665
NHP6A,5666
YPR053C,5667
SMK1,5668
SEC8,5669
TFB4,5670
BRR1,5671
YMC1,5672
YPR059C,5673
ARO7,5674
JID1,5675
FCY1,5676
YPR063C,5677
YPR064W,5678
ROX1,5679
UBA3,5680
ISA2,5681
HOS1,5682
SPE3,5683
MED1,5684
YPR071W,5685
NOT5,5686
LTP1,5687
TKL1,5688
YPR074W-A,5689
OPY2,5690
YPR076W,5691
YPR077C,5692
YPR078C,5693
MRL1,5694
TEF1,5695
GRS2,5696
DIB1,5697
MDM36,5698
YPR084W,5699
ASA1,5700
SUA7,5701
VPS69,5702
SRP54,5703
YPR089W,5704
YPR090W,5705
NVJ2,5706
YPR092W,5707
ASR1,5708
RDS3,5709
SYT1,5710
YPR096C,5711
YPR097W,5712
TMH18,5713
YPR099C,5714
MRPL51,5715
SNT309,5716
RPL11A,5717
PRE2,5718
FHL1,5719
COG4,5720
ISR1,5721
YTH1,5722
RPN7,5723
GLD1,5724
RPC40,5725
DBF20,5726
MRD1,5727
PIS1,5728
YPR114W,5729
RGC1,5730
RRG8,5731
YPR117W,5732
MRI1,5733
CLB2,5734
CLB5,5735
THI22,5736
AXL1,5737
YPR123C,5738
CTR1,5739
YLH47,5740
YPR126C,5741
YPR127W,5742
ANT1,5743
SCD6,5744
YPR130C,5745
NAT3,5746
RPS23B,5747
SPN1,5748
TOM5,5749
MSS18,5750
CTF4,5751
YPR136C,5752
RRP9,5753
MEP3,5754
LOA1,5755
TAZ1,5756
KAR3,5757
YPR142C,5758
RRP15,5759
NOC4,5760
ASN1,5761
YPR146C,5762
YPR147C,5763
YPR148C,5764
NCE102,5765
YPR150W,5766
SUE1,5767
URN1,5768
24-May,5769
PIN3,5770
NCA2,5771
TPO3,5772
TDA6,5773
CUR1,5774
KRE6,5775
GPH1,5776
SGV1,5777
ORC4,5778
TIF3,5779
MMS1,5780
RHO1,5781
MRP2,5782
MET16,5783
NUT2,5784
JIP5,5785
YPR170C,5786
BSP1,5787
YPR172W,5788
VPS4,5789
YPR174C,5790
DPB2,5791
BET2,5792
YPR177C,5793
PRP4,5794
HDA3,5795
AOS1,5796
SEC23,5797
SMX3,5798
DPM1,5799
GDB1,5800
ATG13,5801
PZF1,5802
RPO26,5803
MLC2,5804
SKI3,5805
RPC82,5806
QCR2,5807
AQY1,5808
HPA2,5809
OPT2,5810
YPR195C,5811
YPR196W,5812
YPR197C,5813
SGE1,5814
ARR1,5815
ARR2,5816
ARR3,5817
YPR202W,5818
YPR203W,5819
Q0010,5820
Q0017,5821
Q0032,5822
COX1,5823
AI1,5824
AI2,5825
AI3,5826
AI4,5827
AI5_ALPHA,5828
AI5_BETA,5829
ATP8,5830
HED1,5831
RAF1,5832
REP1,5833
REP2,5834
ATP6,5835
Q0092,5836
COB,5837
BI2,5838
BI3,5839
BI4,5840
OLI1,5841
VAR1,5842
Q0142,5843
Q0143,5844
Q0144,5845
SCEI,5846
Q0182,5847
COX2,5848
Q0255,5849
COX3,5850
Q0297,5851
GDH3,5852
BDH2,5853
BDH1,5854
ECM1,5855
CNE1,5856
YAL056C-A,5857
GPB2,5858
PEX22,5859
ACS1,5860
FLC2,5861
OAF1,5862
AIM2,5863
GEM1,5864
SPC72,5865
BOL3,5866
YAL045C,5867
BOL1,5868
GCV3,5869
PTA1,5870
YAL042C-A,5871
ERV46,5872
CDC24,5873
CLN3,5874
CYC3,5875
CDC19,5876
YAL037W,5877
RBG1,5878
FUN12,5879
YAL034C-B,5880
MTW1,5881
FUN19,5882
POP5,5883
PRP45,5884
GIP4,5885
SNC1,5886
MYO4,5887
FRT2,5888
SAW1,5889
DRS2,5890
MAK16,5891
LTE1,5892
PMT2,5893
FUN26,5894
CCR4,5895
ATS1,5896
FUN30,5897
LDS1,5898
PSK1,5899
TPD3,5900
NTG1,5901
SYN8,5902
DEP1,5903
CYS3,5904
SWC3,5905
MDM10,5906
SPO7,5907
FUN14,5908
ERP2,5909
SSA1,5910
YAL004W,5911
EFB1,5912
VPS8,5913
TFC3,5914
NUP60,5915
ERP1,5916
SWD1,5917
RFA1,5918
SEN34,5919
BUD14,5920
ADE1,5921
KIN3,5922
CDC15,5923
PAU7,5924
YAR023C,5925
UIP3,5926
YAR028W,5927
YAR029W,5928
YAR030C,5929
PRM9,5930
MST28,5931
YAT1,5932
SWH1,5933
OSH1,5934
YAR047C,5935
FLO1,5936
YAR053W,5937
YAR060C,5938
YAR064W,5939
YAR066W,5940
YAR068W,5941
YAR069C,5942
YAR070C,5943
PHO11,5944
IMD1,5945
YAR075W,5946
YBL113C,5947
YBL112C,5948
YBL111C,5949
YBL109W,5950
PAU9,5951
YBL108W,5952
YBL107W-A,5953
MIX23,5954
SRO77,5955
PKC1,5956
SEA4,5957
RTG3,5958
SFT2,5959
ECM21,5960
YBL100C,5961
ATP1,5962
BNA4,5963
BRN1,5964
YBL096C,5965
MRX3,5966
YBL094C,5967
ROX3,5968
RPL32,5969
SCS22,5970
MAP2,5971
MRP21,5972
AVT5,5973
TEL1,5974
RPL23A,5975
YBL086C,5976
BOI1,5977
CDC27,5978
YBL083C,5979
ALG3,5980
YBL081W,5981
PET112,5982
NUP170,5983
ATG8,5984
YBL077W,5985
ILS1,5986
SSA3,5987
AAR2,5988
YBL073W,5989
RPS8A,5990
KTI11,5991
YBL071C,5992
YBL070C,5993
AST1,5994
PRS4,5995
UBP13,5996
SEF1,5997
YBL065W,5998
PRX1,5999
KIP1,6000
YBL062W,6001
SKT5,6002
YEL1,6003
CMC2,6004
IAI11,6005
SHP1,6006
PTH2,6007
PTC3,6008
YBL055C,6009
TOD6,6010
YBL053W,6011
SAS3,6012
PIN4,6013
SEC17,6014
MOH1,6015
RRT1,6016
EDE1,6017
PSY4,6018
COR1,6019
YBL044W,6020
ECM13,6021
FUI1,6022
PRE7,6023
ERD2,6024
URA7,6025
MRPL16,6026
APL3,6027
YBL036C,6028
POL12,6029
STU1,6030
RIB1,6031
HEK2,6032
SHE1,6033
PET9,6034
YBL029C-A,6035
YBL029W,6036
YBL028C,6037
RPL19B,6038
LSM2,6039
RRN10,6040
NCL1,6041
MCM2,6042
PIM1,6043
HAP3,6044
RFT1,6045
APN2,6046
POP8,6047
PEP1,6048
FUS3,6049
ACH1,6050
RRN6,6051
FMT1,6052
YBL012C,6053
SCT1,6054
YBL010C,6055
ALK2,6056
HIR1,6057
SLA1,6058
LDB7,6059
PDR3,6060
UTP20,6061
HTA2,6062
HTB2,6063
ECM15,6064
NTH2,6065
RER2,6066
COQ1,6067
GPI18,6068
RCR1,6069
UGA2,6070
DSF2,6071
FLR1,6072
HHF1,6073
HHT1,6074
IPP1,6075
YBR012C,6076
YBR013C,6077
GRX7,6078
MNN2,6079
YBR016W,6080
KAP104,6081
GAL7,6082
GAL10,6083
GAL1,6084
FUR4,6085
POA1,6086
CHS3,6087
SCO2,6088
OLA1,6089
ETR1,6090
YBR027C,6091
YPK3,6092
CDS1,6093
RKM3,6094
RPL4A,6095
YBR032W,6096
EDS1,6097
HMT1,6098
PDX3,6099
CSG2,6100
SCO1,6101
CHS2,6102
ATP3,6103
FIG1,6104
FAT1,6105
CST26,6106
QDR3,6107
TCM62,6108
GIP1,6109
ZTA1,6110
FMP23,6111
RPS11B,6112
REB1,6113
REG2,6114
YBR051W,6115
RFS1,6116
YBR053C,6117
YRO2,6118
PRP6,6119
YBR056W,6120
MUM2,6121
UBP14,6122
TSC3,6123
AKL1,6124
ORC2,6125
TRM7,6126
YBR062C,6127
YBR063C,6128
YBR064W,6129
ECM2,6130
NRG2,6131
TIP1,6132
BAP2,6133
TAT1,6134
ALG14,6135
YBR071W,6136
HSP26,6137
RDH54,6138
PFF1,6139
YBR075W,6140
ECM8,6141
SLM4,6142
ECM33,6143
RPG1,6144
SEC18,6145
SPT7,6146
UBC4,6147
TEC1,6148
MIS1,6149
RPL19A,6150
AAC3,6151
YBR085C-A,6152
IST2,6153
RFC5,6154
POL30,6155
KHA1,6156
TOK1,6157
SRS2,6158
GWT1,6159
DPB11,6160
SIP4,6161
ARG3,6162
TRL1,6163
YJL086C,6164
EXO70,6165
ALY2,6166
TAX4,6167
IML2,6168
ARP4,6169
SCP160,6170
PRY1,6171
PRY3,6172
ICS3,6173
NET1,6174
YJL075C,6175
SMC3,6176
JEM1,6177
PSF2,6178
ARG2,6179
YJL070C,6180
UTP18,6181
YJL068C,6182
YJL067W,6183
MPM1,6184
DLS1,6185
YJL064W,6186
MRPL8,6187
COA3,6188
LAS21,6189
NUP82,6190
BNA3,6191
YHC3,6192
BIT61,6193
IKS1,6194
ZAP1,6195
LOG1,6196
TIM54,6197
PEP8,6198
YJL052C-A,6199
TDH1,6200
IRC8,6201
MTR4,6202
CHM7,6203
UBX6,6204
RTT101,6205
AIM22,6206
YJL045W,6207
GYP6,6208
YJL043W,6209
MHP1,6210
NSP1,6211
NUP192,6212
LOH1,6213
IRC18,6214
SNX4,6215
TAD2,6216
KAR2,6217
HCA4,6218
YJL032W,6219
BET4,6220
MAD2,6221
VPS53,6222
ECM19,6223
NFT1,6224
YKR104W,6225
SDC25,6226
YPR204W,6227
YAR009C,6228
YAL067W-A,6229
YBR182C-A,6230
YBR196C-A,6231
YBR200W-A,6232
YBR219C,6233
YBR221W-A,6234
COQ21,6235
YCL019W,6236
YBR298C-A,6237
TYC1,6238
YCL074W,6239
YCL012C,6240
YCR024C-B,6241
EGO2,6242
YCR095W-A,6243
YCR108C,6244
YDR003W-A,6245
YDR034C-D,6246
MHF2,6247
YBL005W-B,6248
PCC1,6249
YDR034C-C,6250
YDR098C-B,6251
YDR098C-A,6252
TRR4,6253
YDR170W-A,6254
YDR169C-A,6255
YDR182W-A,6256
YDR194W-A,6257
YDR210C-C,6258
YDR210W-A,6259
CSH1,6260
YDR246W-A,6261
YDR261C-C,6262
YDR316W-B,6263
YDR316W-A,6264
YDR365W-B,6265
YDR365W-A,6266
YDR524W-A,6267
LYS20,6268
YDR524C-B,6269
YER160C,6270
YEL076C,6271
IMP2',6272
YEL076C-A,6273
YER053C-A,6274
YER078W-A,6275
YER138C,6276
YER137C-A,6277
YER159C-A,6278
YER175W-A,6279
YER188C-A,6280
YFL002W-A,6281
YGR161C-D,6282
YFL041W-A,6283
YGL007C-A,6284
MIN10,6285
YGL006W-A,6286
YGR027W-B,6287
YGR038C-A,6288
YGL188C-A,6289
SOE1,6290
YGR038C-B,6291
YAR010C,6292
YGL041C-B,6293
YGR027W-A,6294
YGR035W-A,6295
IMT3,6296
YGR109W-B,6297
YGR109W-A,6298
YGR121W-A,6299
FLP1,6300
YGR146C-A,6301
YGR161C-C,6302
LSO2,6303
YGR204C-A,6304
HSX1,6305
SUF10,6306
YGR240C-A,6307
YHL009W-B,6308
YHL048C-A,6309
YHL015W-A,6310
YHL009W-A,6311
YHR007C-A,6312
YHR022C-A,6313
YHR050W-A,6314
IMT2,6315
YHR086W-A,6316
YHR175W-A,6317
NBL1,6318
YHR212W-A,6319
YHR213W-A,6320
YIR021W-A,6321
YIL134C-A,6322
YJL136W-A,6323
YIL082W-A,6324
YIL046W-A,6325
CMI7,6326
YIR018C-A,6327
YJR027W,6328
YJR028W,6329
DPI8,6330
MCO6,6331
YJL113W,6332
YJL114W,6333
LSO1,6334
IMT1,6335
YJR026W,6336
YLR157W-C,6337
YJR112W-A,6338
YJR151W-A,6339
YLR157W-A,6340
YLR157C-B,6341
YKL183C-A,6342
YLR157C-C,6343
YKL096C-B,6344
YKL068W-A,6345
YLR156C-A,6346
LYS21,6347
YLL006W-A,6348
YLL066W-B,6349
YLR154W-E,6350
YLR154W-F,6351
YLR035C-A,6352
TAR1,6353
YLR154W-B,6354
HSK3,6355
YLR154C-H,6356
YLR154C-G,6357
YLR157C-A,6358
RRT15,6359
YLR227W-B,6360
CDC65,6361
YLR227W-A,6362
YLR256W-A,6363
YLR264C-A,6364
YLR285C-A,6365
DPA10,6366
YLR312C-B,6367
YLR342W-A,6368
YLR361C-A,6369
EMT5,6370
EMT3,6371
YLR406C-A,6372
YLR410W-A,6373
YML045W,6374
ERI1,6375
YLR466C-B,6376
YMR001C-A,6377
YML100W-A,6378
YML054C-A,6379
YML039W,6380
TRN1,6381
YML040W,6382
YMR030W-A,6383
YMR045C,6384
YSF3,6385
YMR105W-A,6386
GIP2,6387
YMR175W-A,6388
MIN3,6389
CMC4,6390
YMR230W-A,6391
YMR242W-A,6392
YMR247W-A,6393
YMR272W-B,6394
YMR315W-A,6395
YNL277W-A,6396
YNL284C-A,6397
VMA9,6398
YNL284C-B,6399
YNL146C-A,6400
EMT2,6401
DGR1,6402
YNL097C-A,6403
YNL067W-B,6404
YNL054W-A,6405
SLO1,6406
YNL042W-B,6407
KSH1,6408
YOL103W-B,6409
YNR075C-A,6410
YOL164W-A,6411
YOL155W-A,6412
YOL166W-A,6413
YOL103W-A,6414
YOL097W-A,6415
EMT1,6416
YOL038C-A,6417
MIP6,6418
YOL019W-A,6419
YOL013W-B,6420
YOR011W-A,6421
MCO10,6422
YOR032W-A,6423
YOR072W-B,6424
YOR142W-B,6425
YOR142W-A,6426
YOR161C-C,6427
YOR192C-A,6428
YOR343W-B,6429
YOR293C-A,6430
YOR316C-A,6431
YOR343W-A,6432
YOR376W-A,6433
YOR381W-A,6434
YOR394C-A,6435
YRF1-8,6436
YPL257W-A,6437
IMT4,6438
YPL257W-B,6439
YPR158C-D,6440
COA2,6441
YPL152W-A,6442
YPL119C-A,6443
YPL060C-A,6444
YPL038W-A,6445
SPO24,6446
YPR108W-A,6447
YPR137C-B,6448
YPR137C-A,6449
SUF1,6450
YPR158C-C,6451
YPR158W-A,6452
YAL016C-B,6453
YAL063C-A,6454
YAL037C-A,6455
TRT2,6456
YAR035C-A,6457
YBL005W-A,6458
YBR012W-A,6459
YBL101W-A,6460
YBL071C-B,6461
YBL039W-A,6462
YBR196C-B,6463
MNC1,6464
YBR072C-A,6465
YJL077W-B,6466
EMT4,6467
YJL047C-A,6468
tA(AGC)D,6469
AAP1,6470
SUF11,6471
SUF16,6472
SUF17,6473
SUF2,6474
SUF20,6475
SUF3,6476
SUF4,6477
SUF5,6478
SUF6,6479
SUF7,6480
SUF8,6481
SUF9,6482
SUP11,6483
SUP17,6484
SUP19,6485
SUP2,6486
SUP3,6487
SUP4,6488
SUP5,6489
SUP51,6490
SUP53,6491
SUP54,6492
SUP56,6493
SUP6,6494
SUP61,6495
SUP7,6496
SUP8,6497
SUS1,6498
YBL008W-A,6499
YBL101W-B,6500
YBL101W-C,6501
YBR012W-B,6502
YCL020W,6503
YDR210C-D,6504
YDR210W-B,6505
YDR261C-D,6506
YDR261W-A,6507
YDR261W-B,6508
YFL002W-B,6509
YGR161W-A,6510
YGR161W-B,6511
YGR161W-C,6512
YGR174W-A,6513
YHR213W-B,6514
YHR214C-B,6515
YHR214C-C,6516
YHR214C-D,6517
YHR214C-E,6518
YJR029W,6519
YLR159C-A,6520
YLR410W-B,6521
YLR412C-A,6522
YML045W-A,6523
YMR046C,6524
YMR050C,6525
YMR051C,6526
YNL054W-B,6527
YOR034C-A,6528
YOR192C-B,6529
YOR192C-C,6530
YPR158W-B,6531
YPR159C-A,6532
tA(AGC)F,6533
tA(AGC)G,6534
tA(AGC)H,6535
tA(AGC)J,6536
tA(AGC)K1,6537
tA(AGC)K2,6538
tA(AGC)L,6539
tA(AGC)M1,6540
tA(AGC)M2,6541
tA(AGC)P,6542
TGA1,6543
tA(UGC)E,6544
tA(UGC)G,6545
tA(UGC)L,6546
tA(UGC)O,6547
tA(UGC)Q,6548
tC(GCA)B,6549
tC(GCA)G,6550
tC(GCA)P1,6551
tC(GCA)P2,6552
tC(GCA)Q,6553
tD(GUC)B,6554
tD(GUC)D,6555
tD(GUC)G1,6556
tD(GUC)G2,6557
tD(GUC)I1,6558
tD(GUC)I2,6559
tD(GUC)J1,6560
tD(GUC)J2,6561
tD(GUC)J3,6562
tD(GUC)J4,6563
tD(GUC)K,6564
tD(GUC)L1,6565
tD(GUC)L2,6566
tD(GUC)M,6567
tD(GUC)N,6568
tD(GUC)O,6569
tD(GUC)Q,6570
tE(CUC)D,6571
tE(CUC)I,6572
tE(UUC)B,6573
tE(UUC)C,6574
tE(UUC)E1,6575
tE(UUC)E2,6576
tE(UUC)E3,6577
tE(UUC)G2,6578
tE(UUC)G3,6579
tE(UUC)I,6580
tE(UUC)J,6581
tE(UUC)K,6582
tE(UUC)L,6583
tE(UUC)M,6584
tE(UUC)P,6585
tE(UUC)Q,6586
tF(GAA)B,6587
tF(GAA)D,6588
tF(GAA)F,6589
tF(GAA)G,6590
tF(GAA)H1,6591
tF(GAA)H2,6592
tF(GAA)M,6593
tF(GAA)N,6594
tF(GAA)P1,6595
tF(GAA)P2,6596
tF(GAA)Q,6597
tG(GCC)B,6598
tG(GCC)D1,6599
tG(GCC)D2,6600
tG(GCC)E,6601
tG(GCC)F2,6602
tG(GCC)G1,6603
tG(GCC)G2,6604
tG(GCC)J1,6605
SUF23,6606
tG(GCC)M,6607
tG(GCC)O1,6608
tG(GCC)P1,6609
tG(GCC)P2,6610
tG(UCC)Q,6611
tH(GUG)E1,6612
tH(GUG)E2,6613
tH(GUG)G1,6614
tH(GUG)G2,6615
tH(GUG)H,6616
tH(GUG)K,6617
tH(GUG)M,6618
tH(GUG)Q,6619
tI(AAU)B,6620
tI(AAU)D,6621
tI(AAU)E1,6622
tI(AAU)E2,6623
tI(AAU)G,6624
tI(AAU)I1,6625
tI(AAU)I2,6626
tI(AAU)L1,6627
tI(AAU)L2,6628
tI(AAU)N1,6629
tI(AAU)N2,6630
tI(AAU)P1,6631
tI(AAU)P2,6632
tI(GAU)Q,6633
tI(UAU)D,6634
tI(UAU)L,6635
tK(CUU)C,6636
tK(CUU)D1,6637
tK(CUU)D2,6638
tK(CUU)E1,6639
tK(CUU)E2,6640
tK(CUU)F,6641
tK(CUU)G1,6642
tK(CUU)G2,6643
tK(CUU)G3,6644
tK(CUU)I,6645
tK(CUU)J,6646
tK(CUU)K,6647
tK(CUU)M,6648
tK(UUU)D,6649
tK(UUU)G1,6650
tK(UUU)G2,6651
tK(UUU)K,6652
tK(UUU)L,6653
tK(UUU)O,6654
tK(UUU)P,6655
tK(UUU)Q,6656
tL(CAA)D,6657
tL(CAA)G1,6658
tL(CAA)G3,6659
tL(CAA)K,6660
tL(CAA)L,6661
tL(CAA)M,6662
tL(CAA)N,6663
tL(GAG)G,6664
tL(UAA)B1,6665
tL(UAA)B2,6666
tL(UAA)D,6667
tL(UAA)K,6668
tL(UAA)L,6669
tL(UAA)N,6670
tL(UAA)Q,6671
tL(UAG)J,6672
tL(UAG)L1,6673
tL(UAG)L2,6674
tM(CAU)C,6675
tM(CAU)Q1,6676
tM(CAU)Q2,6677
tN(GUU)C,6678
tN(GUU)F,6679
tN(GUU)G,6680
tN(GUU)K,6681
tN(GUU)L,6682
tN(GUU)N1,6683
tN(GUU)N2,6684
tN(GUU)O1,6685
tN(GUU)O2,6686
tN(GUU)P,6687
tN(GUU)Q,6688
tP(UGG)L,6689
tP(UGG)N1,6690
tP(UGG)N2,6691
tP(UGG)O1,6692
tP(UGG)O3,6693
tP(UGG)Q,6694
tQ(UUG)B,6695
tQ(UUG)C,6696
tQ(UUG)D1,6697
tQ(UUG)D2,6698
tQ(UUG)D3,6699
tQ(UUG)E1,6700
tQ(UUG)E2,6701
tQ(UUG)H,6702
tQ(UUG)L,6703
tQ(UUG)Q,6704
tR(ACG)D,6705
tR(ACG)E,6706
tR(ACG)J,6707
tR(ACG)K,6708
tR(ACG)L,6709
tR(ACG)O,6710
tR(ACG)Q2,6711
tR(UCU)B,6712
tR(UCU)D,6713
tR(UCU)E,6714
tR(UCU)G1,6715
tR(UCU)G2,6716
tR(UCU)G3,6717
tR(UCU)J1,6718
tR(UCU)J2,6719
tR(UCU)K,6720
tR(UCU)M1,6721
tR(UCU)M2,6722
tR(UCU)Q1,6723
tS(AGA)A,6724
tS(AGA)B,6725
tS(AGA)D1,6726
tS(AGA)D2,6727
tS(AGA)D3,6728
tS(AGA)E,6729
tS(AGA)G,6730
tS(AGA)H,6731
tS(AGA)J,6732
tS(AGA)L,6733
tS(AGA)M,6734
tS(GCU)F,6735
tS(GCU)L,6736
tS(GCU)O,6737
tS(GCU)Q1,6738
SUP16,6739
tS(UGA)Q2,6740
tT(AGU)B,6741
tT(AGU)C,6742
tT(AGU)D,6743
tT(AGU)H,6744
tT(AGU)I1,6745
tT(AGU)I2,6746
tT(AGU)J,6747
tT(AGU)N1,6748
tT(AGU)N2,6749
tT(AGU)O1,6750
tT(AGU)O2,6751
tT(UGU)G1,6752
tT(UGU)G2,6753
tT(UGU)H,6754
tT(UGU)P,6755
tT(UGU)Q1,6756
tT(XXX)Q2,6757
tV(AAC)E1,6758
tV(AAC)E2,6759
tV(AAC)G1,6760
tV(AAC)G2,6761
tV(AAC)G3,6762
tV(AAC)H,6763
tV(AAC)J,6764
tV(AAC)K1,6765
tV(AAC)K2,6766
tV(AAC)L,6767
tV(AAC)M1,6768
tV(AAC)M2,6769
tV(AAC)M3,6770
tV(AAC)O,6771
tV(CAC)D,6772
tV(CAC)H,6773
tV(UAC)B,6774
tV(UAC)D,6775
tV(UAC)Q,6776
tW(CCA)G1,6777
tW(CCA)G2,6778
tW(CCA)J,6779
tW(CCA)K,6780
tW(CCA)M,6781
tW(CCA)P,6782
tW(UCA)Q,6783
tX(XXX)D,6784
tY(GUA)Q,6785
NAG1,6786
MIN6,6787
YBL100W-A,6788
YBL100W-B,6789
YBL100W-C,6790
ADF1,6791
YDR524W-C,6792
YLR157W-D,6793
YLR157W-E,6794
YNL097C-B,6795
COX26,6796
WIP1,6797
FMP49,6798
MEO1,6799
RDT1,6800
MIN7,6801
YCL048W-A,6802
YDL007C-A,6803
YDL022C-A,6804
CMI8,6805
YER190C-B,6806
DPC13,6807
YGL194C-A,6808
YIL102C-A,6809
YIL105W-A,6810
MCO8,6811
YJL077W-A,6812
MIN9,6813
DPC7,6814
YLR146W-A,6815
MIN8,6816
YPR145C-A,6817
YPR170W-B,6818
