ID,TF,ORF,setSize,enrichmentScore,NES,pvalue,p.adjust,qvalues,rank,leading_edge,core_enrichment
Abf2p&consensus=cTCTAGA,ABF2,YMR072W,267,0.42376847,1.346721293,0.017184402,0.023829037,0.006270799,380,"tags=13%, list=8%, signal=13%",6509/1078/4443/6262/1801/543/58/710/6405/6252/2946/6264/5908/6449/3921/5309/77/3607/827/2591/5464/3197/6358/6363/6523/6278/2661/6259/6014/6277/1687/3335/6414/2676/2825
Aca1p&consensus=TTACGTAA,ACA1,YER045C,31,0.659994075,1.763874831,0.004454538,0.007594621,0.001998585,249,"tags=19%, list=5%, signal=18%",6509/6262/6405/6252/6363/6259
Arg80p&consensus=CCTCTAAAGG,ARG80,YMR042W,32,0.625738137,1.680430681,0.011385623,0.017160939,0.004516037,432,"tags=34%, list=9%, signal=31%",6264/6358/6523/6524/6278/6277/6382/6302/6414/6459/6526
Arr1p&consensus=TGATTAATAATCA,ARR1,YPR199C,42,0.634146372,1.775227388,0.002532123,0.004960999,0.001305526,432,"tags=33%, list=9%, signal=30%",6294/6264/2591/5464/6358/6523/6524/6278/6277/6382/6302/6414/6459/6526
Cad1p&consensus=TTABGTAA,CAD1,YDR423C,53,0.678077397,1.959646044,6.78E-05,0.000271183,7.14E-05,432,"tags=34%, list=9%, signal=31%",6262/6329/6405/6252/6294/6264/6449/6358/6363/6523/6524/6278/6277/6382/6302/6414/6459/6526
Cin5p&consensus=gMTTACGTAAK,CIN5,YOR028C,61,0.600327904,1.76448355,0.001601007,0.003398056,0.000894225,288,"tags=21%, list=6%, signal=20%",2105/3041/6329/6405/6449/3106/6358/6363/5189/6259/6277/1440/6382
Cst6p&consensus=TTACGTAA,CST6,YIL036W,31,0.659994075,1.763874831,0.004454538,0.007594621,0.001998585,249,"tags=19%, list=5%, signal=18%",6509/6262/6405/6252/6363/6259
Ecm22p&consensus=cCTCGTWTAa,ECM22,YLR228C,55,0.721747531,2.094371497,1.12E-05,0.000135435,3.56E-05,472,"tags=38%, list=10%, signal=35%",6288/6262/6329/6405/6252/6294/6264/6449/6358/6363/6523/6524/6278/6277/6382/6302/6414/688/6459/6526/2989
Fhl1p&consensus=aaaDxGACGCAaWtxxgtt,FHL1,YPR104C,83,0.631497094,1.912725987,3.18E-05,0.000199335,5.25E-05,288,"tags=19%, list=6%, signal=18%",6509/5882/6288/1078/6262/6329/6405/6252/6449/4104/6358/6363/6259/6277/912/6382
Fkh1p&consensus=gtaaAcAaa,FKH1,YIL131C,73,0.653480951,1.956987918,4.31E-05,0.000223834,5.89E-05,432,"tags=26%, list=9%, signal=24%",6288/3316/5544/6262/5766/6329/6405/6252/6449/6358/6363/6524/6278/6277/6017/6302/6414/6459/6526
Fzf1p&consensus=TGATAG,FZF1,YGL254W,142,0.472270433,1.477656979,0.012208273,0.017722926,0.004663928,590,"tags=17%, list=13%, signal=15%",6509/6288/6262/382/6329/6405/6252/6294/1753/6264/6449/4104/6363/6278/6259/6414/6526/5973/1273/5160/6432/836/6031/65
Gat3p&consensus=gAWCTac,GAT3,YLR013W,92,0.671820817,2.050799113,1.05E-05,0.000135435,3.56E-05,432,"tags=27%, list=9%, signal=25%",6509/6288/4459/2335/6262/1847/6329/6405/6252/6264/6449/6358/6363/6523/6524/6278/6259/6277/6382/6302/1171/6414/3762/6459/6526
Gcn4p&consensus=CAVTGACT,GCN4,YEL009C,71,0.590612545,1.763643189,0.001189678,0.002577635,0.000678325,288,"tags=20%, list=6%, signal=19%",6509/6288/6262/6329/6405/6252/6294/6264/6449/6363/6259/6277/2788/6382
Gcn4p&consensus=DTGASTCA,GCN4,YEL009C,99,0.497125821,1.52541973,0.014672604,0.020903436,0.005500904,347,"tags=15%, list=8%, signal=14%",6509/6288/6262/6329/3536/6405/6252/3655/6358/6363/6259/6277/6382/4121/2228
Gcn4p&consensus=RRTGACTC,GCN4,YEL009C,49,0.682256303,1.951512923,0.000103036,0.000369509,9.72E-05,249,"tags=20%, list=5%, signal=20%",6509/6288/6262/6329/6405/6252/6449/3191/6363/6259
Gcn4p&consensus=RTGASTCA,GCN4,YEL009C,47,0.649654545,1.848339341,0.00062255,0.001579152,0.000415566,249,"tags=17%, list=5%, signal=16%",6509/6288/6262/6329/6405/6252/6363/6259
Gcn4p&consensus=TGACTMT,GCN4,YEL009C,66,0.604893943,1.792440535,0.000808478,0.00182756,0.000480937,423,"tags=21%, list=9%, signal=20%",6509/6288/6262/6329/6405/6252/6449/3956/6363/798/6259/4005/3762/3521
Gcn4p&consensus=TGASTCA,GCN4,YEL009C,83,0.520320804,1.575986861,0.011280789,0.017160939,0.004516037,347,"tags=14%, list=8%, signal=14%",6509/6288/6262/6329/6405/6252/6358/6363/6259/6277/6382/2228
Gcn4p&consensus=TTACGTAA,GCN4,YEL009C,31,0.659994075,1.763874831,0.004454538,0.007594621,0.001998585,249,"tags=19%, list=5%, signal=18%",6509/6262/6405/6252/6363/6259
Gcn4p&consensus=TTGCGTGA,GCN4,YEL009C,43,0.743267964,2.087944923,1.17E-05,0.000135435,3.56E-05,249,"tags=23%, list=5%, signal=22%",6509/6288/6262/6329/6405/6252/6449/6363/1048/6259
Gis1p&consensus=TWAGGGAT,GIS1,YDR096W,48,0.717861582,2.048199127,2.30E-05,0.000183794,4.84E-05,432,"tags=35%, list=9%, signal=32%",6288/6262/6329/6405/6252/6449/6194/6358/6363/6523/6524/6278/6277/6302/6414/6459/6526
Gln3p&consensus=HGATaa,GLN3,YER040W,127,0.498669477,1.552316337,0.005670013,0.00951099,0.002502892,682,"tags=27%, list=15%, signal=23%",6509/6262/1471/6405/6252/6294/6264/6449/5671/5013/6358/6363/6523/6524/6278/6277/6382/6302/6414/5610/6107/6459/6526/5784/6308/2494/5910/2565/5053/5454/4466/2743/6397/6452
Gln3p&consensus=tattgctGATAAgGccxHaa,GLN3,YER040W,140,0.558090509,1.745483603,6.11E-05,0.000257891,6.79E-05,585,"tags=25%, list=13%, signal=23%",6509/6288/5114/6262/6329/6405/6252/1719/148/5317/6449/3106/4093/3525/5886/879/3205/6523/3210/6524/6278/6277/209/6302/6414/1693/6459/638/2257/749/430/6432/5490/4123/7
Hsf1p&consensus=NGAANNNNNNNGAANNNNNNNGAAN,HSF1,YGL073W,52,0.634518499,1.828419799,0.000793984,0.00182756,0.000480937,256,"tags=19%, list=6%, signal=18%",6509/6288/6262/6329/6252/6449/6363/5644/6259/2364
Hsf1p&consensus=NGAANNTTCNNGAAN,HSF1,YGL073W,63,0.675097575,1.990556581,1.10E-05,0.000135435,3.56E-05,432,"tags=32%, list=9%, signal=29%",6288/6262/6329/6405/6252/6294/6449/5422/6358/6363/6523/6524/6278/6277/6382/6302/6414/243/6459/6526
Hsf1p&consensus=NTTCNNGAAN,HSF1,YGL073W,50,0.653892617,1.875063395,0.000387977,0.001120823,0.000294953,472,"tags=32%, list=10%, signal=29%",6288/6262/6329/6294/6449/6363/6523/6524/6278/6277/6382/6302/6414/6459/6526/2989
Ino2p&consensus=CATGTGAAAT,INO2,YDR123C,46,0.674280836,1.912665601,0.000266114,0.000813997,0.00021421,249,"tags=20%, list=5%, signal=19%",6509/6288/6262/6329/6405/6252/6449/6363/6259
Ino4p&consensus=CATGTGAAAT,INO4,YOL108C,46,0.674280836,1.912665601,0.000266114,0.000813997,0.00021421,249,"tags=20%, list=5%, signal=19%",6509/6288/6262/6329/6405/6252/6449/6363/6259
Ixr1p&consensus=KTTSAAYKGTTYASA,IXR1,YKL032C,44,0.666057839,1.876852287,0.000455421,0.001246416,0.000328004,324,"tags=20%, list=7%, signal=19%",6509/6288/6262/6329/6405/6252/6449/6363/576
Kar4p&consensus=YAANNCAAANNCNGNYT,KAR4,YCL055W,44,0.637614286,1.796702568,0.00175162,0.00364337,0.000958782,277,"tags=20%, list=6%, signal=19%",6509/6262/6329/6252/6449/6363/6259/6014/1449
Matalpha2p&consensus=atYRTGTa,MATALPHA2,YCR039C,45,0.724531958,2.04802342,1.16E-05,0.000135435,3.56E-05,432,"tags=38%, list=9%, signal=35%",6288/6262/6329/6405/6252/6294/6264/6449/6358/6363/6523/6524/6278/6302/6414/6459/6526
Mcm1p&consensus=aAATtaSK,MCM1,YMR043W,68,0.554654431,1.649039488,0.006810418,0.010896669,0.002867544,249,"tags=13%, list=5%, signal=13%",6509/6288/4443/6262/6329/6405/6252/6449/6259
Mcm1p&consensus=AAttaSKa,MCM1,YMR043W,43,0.607306185,1.70600904,0.006575092,0.010684525,0.002811717,432,"tags=30%, list=9%, signal=28%",3145/6294/6264/6358/6523/6524/6278/6277/6382/6302/6414/6459/6526
Mga1p&consensus=TTCBxt,MGA1,YGR249W,49,0.641057783,1.833669461,0.000812841,0.00182756,0.000480937,564,"tags=35%, list=12%, signal=31%",1847/3028/6294/6264/4104/6358/6523/6524/6278/6277/6382/6302/6414/6459/6526/4277/6338
Mga1p&consensus=ttDDaRTGTTCtaTaxxxcH,MGA1,YGR249W,54,0.688594776,1.994439835,4.51E-05,0.000223834,5.89E-05,495,"tags=33%, list=11%, signal=30%",6288/6262/6329/6405/6252/6294/6264/6449/6358/6363/6523/6278/6277/6302/6414/6459/6526/1273
Mot3p&consensus=AAGGWT,MOT3,YMR070W,149,0.527255791,1.652779316,0.000426227,0.001198044,0.000315275,485,"tags=18%, list=11%, signal=17%",6509/4549/6288/4953/6262/6329/6405/6252/6294/6264/6449/5353/6358/6363/6523/6524/6278/6259/6277/6382/6302/6414/4940/6459/6526/70/1565
Mot3p&consensus=TAGGAT,MOT3,YMR070W,190,0.513523743,1.622305164,0.000161018,0.000540188,0.000142155,448,"tags=18%, list=10%, signal=17%",6509/6288/1274/5205/6262/1904/6329/6405/6252/721/5087/6294/6264/6449/4156/4431/592/6358/6363/6523/5665/6524/6278/6259/6277/2788/6382/6302/6414/4440/6459/6526/5784/2056
Mot3p&consensus=TAGGTA,MOT3,YMR070W,119,0.523137637,1.623387821,0.002168172,0.004336344,0.001141143,449,"tags=20%, list=10%, signal=19%",6509/6288/6262/5766/6329/6405/6252/6294/6264/6449/6358/6363/6523/6524/6278/6259/6277/6382/5308/6302/6414/6459/6526/3253
Mot3p&consensus=TMGGAA,MOT3,YMR070W,54,0.701912141,2.033012134,1.13E-05,0.000135435,3.56E-05,432,"tags=33%, list=9%, signal=31%",6288/6262/6405/6252/6294/6264/6449/6358/6363/6523/6524/6278/6277/6382/6302/6414/6459/6526
Mot3p&consensus=WAGGTA,MOT3,YMR070W,89,0.601920311,1.833331422,0.000115847,0.000401602,0.000105685,432,"tags=24%, list=9%, signal=22%",6509/6288/6262/6329/6405/6252/6294/6264/6449/6358/6363/6523/6524/6278/6259/6277/6382/6302/6414/6459/6526
Mot3p&consensus=YRTGTAaW,MOT3,YMR070W,53,0.690646417,1.995970554,4.52E-05,0.000223834,5.89E-05,429,"tags=32%, list=9%, signal=29%",6288/6262/6329/6405/6252/6294/6264/6449/6358/6363/6523/6278/6382/6302/4888/6414/6459
Msn2p&consensus=aGGRg,MSN2,YMR037C,95,0.564240596,1.726554053,0.000816395,0.00182756,0.000480937,288,"tags=20%, list=6%, signal=19%",6509/6288/6262/6329/6294/6264/6449/6358/6363/6523/4162/2541/6524/6278/6259/6277/2436/3438/6382
Pdr8p&consensus=VCGGAGAt,PDR8,YLR266C,44,0.662000909,1.865420459,0.000548841,0.001426987,0.000375523,432,"tags=32%, list=9%, signal=29%",6262/6329/6252/6294/6264/6363/6523/6524/6278/6277/6382/6302/6459/6526
Rlm1p&consensus=CTAWWWWTAG,RLM1,YPL089C,68,0.649257436,1.93030307,5.44E-05,0.00025163,6.62E-05,432,"tags=26%, list=9%, signal=24%",6288/6262/5766/6329/6405/6252/6449/6358/6363/6523/6524/6278/6277/6382/6302/6414/6459/6526
Rme1p&consensus=GAACCTCAARA,RME1,YGR044C,40,0.604385638,1.679769191,0.009566251,0.014849106,0.003907659,520,"tags=32%, list=11%, signal=29%",6294/6264/6358/6523/6524/6278/6277/6382/6302/6414/6459/6526/5862
Sfl1p&consensus=AGAANTTCC,SFL1,YOR140W,71,0.662052055,1.976970534,3.24E-05,0.000199335,5.25E-05,435,"tags=30%, list=9%, signal=27%",6509/6288/6262/6329/6405/6252/6264/6449/6358/6363/6523/6524/6278/6259/6277/6382/6302/6414/6459/6526/3236
Sip4p&consensus=TCCATTSRTCCGR,SIP4,YJL089W,69,0.668268197,1.989482237,3.26E-05,0.000199335,5.25E-05,465,"tags=28%, list=10%, signal=25%",6509/6288/6262/6329/6405/6252/6294/6264/6449/6358/6363/5665/6278/6259/6277/6382/6414/6526/666
Sko1p&consensus=ATGACGTA,SKO1,YNL167C,75,0.6758283,2.029127333,2.15E-05,0.000183794,4.84E-05,311,"tags=27%, list=7%, signal=25%",6509/6288/4969/6262/6329/6405/721/6294/6264/6449/6358/6363/6523/6524/6259/6277/4114/279/6382/6302
Sko1p&consensus=TTACGTAA,SKO1,YNL167C,31,0.659994075,1.763874831,0.004454538,0.007594621,0.001998585,249,"tags=19%, list=5%, signal=18%",6509/6262/6405/6252/6363/6259
Smp1p&consensus=ACTACTAWWWWTAG,SMP1,YBR182C,40,0.726476983,2.019097706,3.57E-05,0.000205981,5.42E-05,318,"tags=28%, list=7%, signal=26%",6509/6288/6262/6329/6405/6252/2758/6449/6363/6259/1383
Srd1p&consensus=gtAGWTc,SRD1,YCR018C,92,0.671820817,2.050799113,1.05E-05,0.000135435,3.56E-05,432,"tags=27%, list=9%, signal=25%",6509/6288/4459/2335/6262/1847/6329/6405/6252/6264/6449/6358/6363/6523/6524/6278/6259/6277/6382/6302/1171/6414/3762/6459/6526
Srd1p&consensus=gtAGWTcB,SRD1,YCR018C,61,0.688304886,2.02306546,1.10E-05,0.000135435,3.56E-05,432,"tags=33%, list=9%, signal=30%",6288/6262/1847/6329/6405/6252/6294/6264/6449/6358/6363/6523/6524/6278/6277/6382/6302/6414/6459/6526
Stb5p&consensus=TCTCCGCGAAC,STB5,YHR178W,58,0.668421083,1.952107673,5.56E-05,0.00025163,6.62E-05,432,"tags=29%, list=9%, signal=27%",6509/6288/1308/6252/6294/6264/6358/6363/6523/6278/6277/6382/6302/6414/5930/6459/6526
Ste12p&consensus=CGTTTCAN{40}ATGAAACA,STE12,YHR084W,111,0.586697894,1.813733458,6.20E-05,0.000257891,6.79E-05,451,"tags=20%, list=10%, signal=18%",1911/6509/6288/6262/6329/6405/6252/2946/6294/6264/6449/6358/6363/6278/6259/6277/6382/6414/6210/6526/3479/4411
Sum1p&consensus=aDtAWWt,SUM1,YDR310C,65,0.667572005,1.975332231,1.10E-05,0.000135435,3.56E-05,432,"tags=31%, list=9%, signal=28%",6288/6262/6329/6405/6252/6294/6264/6449/6358/6363/6523/6524/6278/6277/6382/6302/5046/6414/6459/6526
Tbf1p&consensus=txxxgtARCCCTAAtaxg,TBF1,YPL128C,33,0.619840103,1.672836991,0.01216686,0.017722926,0.004663928,432,"tags=33%, list=9%, signal=30%",6264/6358/6523/6524/6278/6277/6382/6302/6414/6459/6526
Tec1p&consensus=CATTCC,TEC1,YBR083W,53,0.574515768,1.660352574,0.008293692,0.013068847,0.00343917,682,"tags=36%, list=15%, signal=31%",3028/6294/6264/1857/6358/6523/6524/6278/6277/6382/6302/6414/477/6459/6526/4932/5541/6397/6452
Tec1p&consensus=VRGAATgt,TEC1,YBR083W,37,0.629964899,1.730259024,0.005849011,0.00965551,0.002540924,432,"tags=32%, list=9%, signal=30%",6294/6264/4104/6358/6523/6524/6278/6277/6382/6414/6459/6526
Upc2p&consensus=TCGTWta,UPC2,YDR213W,40,0.559474177,1.554946754,0.032762923,0.044251221,0.011645058,432,"tags=25%, list=9%, signal=23%",5022/6294/3575/6358/6523/6278/6382/4536/4451/6526
Urc2p&consensus=HCGGagWTA,URC2,YDR520C,142,0.506645296,1.585210304,0.002095754,0.004273694,0.001124656,432,"tags=19%, list=9%, signal=18%",6509/6288/6262/543/6329/6405/6252/6294/6264/6358/6363/6523/2541/6524/6278/6259/6277/6382/6302/3335/6414/6107/243/4038/4906/6459/6526
Vhr1p&consensus=gRTGASTCAc,VHR1,YIL056W,48,0.654516246,1.867462526,0.000493946,0.00131719,0.000346629,249,"tags=19%, list=5%, signal=18%",6509/6288/6262/6329/6405/6252/6449/6363/6259
Xbp1p&consensus=CTCGA,XBP1,YIL101C,65,0.571784496,1.691898907,0.003997196,0.00729313,0.001919245,682,"tags=34%, list=15%, signal=29%",6288/6405/6252/6294/6264/6358/6363/6523/6278/6277/4849/6382/1298/6302/6414/6459/6526/2196/6338/5923/6397/6452
Xbp1p&consensus=cTCGAR,XBP1,YIL101C,48,0.685498197,1.955860077,9.19E-05,0.000345515,9.09E-05,564,"tags=38%, list=12%, signal=33%",6288/3536/6405/6252/6294/6264/6358/6363/6523/6278/6277/6382/6302/6414/6459/6526/5490/6338
Xbp1p&consensus=tcxxxYYTCGARRxatgxg,XBP1,YIL101C,85,0.649894313,1.971537537,2.12E-05,0.000183794,4.84E-05,432,"tags=25%, list=9%, signal=23%",6509/6288/4443/6329/6405/6252/6294/6264/6449/6358/6363/6523/6278/6277/6382/6302/6414/1693/2676/6459/6526
Yap1p&consensus=aSgTAATT,YAP1,YML007W,59,0.530293145,1.552286769,0.023768573,0.032525415,0.00855932,212,"tags=12%, list=5%, signal=11%",6509/351/6262/6405/6252/6194/6363
Yap1p&consensus=TGACTCA,YAP1,YML007W,64,0.579087646,1.710800929,0.003214834,0.005970407,0.00157116,249,"tags=14%, list=5%, signal=13%",6509/6288/6262/6329/6405/6252/6449/6363/6259
Yap1p&consensus=TTACTCA,YAP1,YML007W,59,0.542288392,1.58739954,0.016722334,0.023501658,0.006184647,684,"tags=34%, list=15%, signal=29%",6294/6264/1370/6358/6523/6524/5721/6278/6277/912/6382/6302/6414/6459/6526/3350/1330/6397/6452/4223
Yap1p&consensus=ttxMTTACGTAAKVtxxt,YAP1,YML007W,95,0.630040572,1.927899393,3.14E-05,0.000199335,5.25E-05,438,"tags=27%, list=10%, signal=25%",6509/6288/2105/3041/6262/6329/6405/6264/6449/3106/6358/6363/6523/6524/6259/6277/1224/6382/3907/6302/1507/6414/5459/6459/6526/4452
Yap3p&consensus=aTTACGTAAT,YAP3,YHL009C,38,0.602271335,1.660854322,0.012269718,0.017722926,0.004663928,249,"tags=16%, list=5%, signal=15%",6509/6262/6405/1094/6363/6259
Yap3p&consensus=tACGTAAt,YAP3,YHL009C,33,0.694081668,1.873201629,0.000825917,0.00182756,0.000480937,432,"tags=33%, list=9%, signal=30%",6288/6329/6264/6449/6358/6523/6524/6382/6302/4906/6526
Yap3p&consensus=TGACTCA,YAP3,YHL009C,64,0.579087646,1.710800929,0.003214834,0.005970407,0.00157116,249,"tags=14%, list=5%, signal=13%",6509/6288/6262/6329/6405/6252/6449/6363/6259
Yap3p&consensus=TTAcSTAA,YAP3,YHL009C,47,0.68006271,1.934853948,0.000207517,0.000674429,0.000177481,490,"tags=36%, list=11%, signal=33%",6262/6405/6252/6294/6264/6449/6358/6363/6524/6278/6277/6382/6302/6414/6459/6526/653
Yap6p&consensus=gtctgMTTAcgTaAgcgac,YAP6,YDR259C,103,0.613097766,1.886312014,2.08E-05,0.000183794,4.84E-05,438,"tags=24%, list=10%, signal=22%",6509/6288/3041/6262/1635/6329/6405/6294/6264/6449/6358/6363/6523/6445/6524/6278/6259/6277/6382/209/6302/824/6414/6459/4452
YER064C&consensus=GATGACTCAY,VHR2,YER064C,65,0.625584443,1.851091874,0.000306634,0.000911142,0.000239774,288,"tags=20%, list=6%, signal=19%",6509/6288/6262/6329/6405/6252/6449/3191/6358/6363/6259/6277/6382
YER130C&consensus=DAWAGGGG,COM2,YER130C,66,0.605984566,1.795672301,0.000775702,0.00182756,0.000480937,445,"tags=23%, list=10%, signal=21%",6509/6288/4317/6262/6329/6449/1094/6363/5721/6259/1687/299/1084/5127/292
Yox1p&consensus=tccHatTAATTAaWxxxxS,YOX1,YML027W,45,0.697131075,1.970569762,9.30E-05,0.000345515,9.09E-05,249,"tags=20%, list=5%, signal=19%",6509/6288/6262/6329/6405/6252/6449/6363/6259
YPR015C&consensus=DDtxaKGATTTACgtcttxa,YPR015C,YPR015C,49,0.613840456,1.755817537,0.002575903,0.004960999,0.001305526,683,"tags=31%, list=15%, signal=26%",6509/6262/6329/6405/6252/6449/6363/6259/45/3236/6432/1335/6510/5293/383
